Device,G_Swap_Total,G_Swap_Free,G_Swap_Used,G_Proc_Run,G_Cpu_User,G_Cpu_Wio,G_Load_One,G_Load,G_Five,G_Load_Fifteen,G_Mem_Cached,G_Mem_Total,T_State,T_Slots,T_SlotsUsed,T_AvailMem(MB),T_TotalMem(MB)/Swap,T_Time_Last_Rec,T_LoadAve ,T_NetLoad(MB)
compute-2-29,10061.0,10005.93,55.07,1.0,34.9,0.4,2.44,2.67,2649592.0,8255316.0,481.606,435.17,1,4,3,15473.11,18122.83,1.93,1.59,901507.42
compute-2-28,10061.0,10061.0,0.0,0.0,0.0,0.0,0.0,0.0,1485600.0,8255316.0,481.606,452.613,0,4,0,17866.45,18122.83,180289.93,0.00,967.03
compute-2-23,10061.0,9939.18,121.82,3.0,74.2,0.1,2.89,2.8,2500260.0,8255316.0,481.606,435.595,2,4,4,13177.02,18122.83,1.93,3.02,696936.06
compute-2-25,10061.0,8846.8,1214.2,4.0,95.8,1.2,4.01,3.93,3718856.0,8255316.0,481.606,434.035,2,4,4,13357.36,18122.83,38.93,4.17,783133.67
compute-2-24,10061.0,9704.63,356.37,3.0,73.0,1.5,3.13,3.06,3056776.0,8255316.0,481.606,434.716,2,4,4,12951.05,18122.83,40.93,3.04,770228.22
compute-2-27,10061.0,9879.87,181.13,0.0,32.4,7.6,1.88,2.32,3156364.0,8255316.0,481.606,435.502,2,4,4,14547.22,18122.83,40.93,1.90,830341.48
compute-2-26,10061.0,10002.78,58.21,3.0,79.9,1.9,3.89,3.96,5416760.0,8255316.0,481.606,435.413,2,4,4,16475.47,18122.83,36.93,3.65,858108.11
compute-6-29,10061.0,9992.89,68.1,4.0,95.2,1.2,4.01,3.67,5173240.0,8255316.0,481.606,436.038,2,4,4,16269.71,18122.83,44.93,4.18,968622.33
compute-6-28,10061.0,9998.06,62.93,4.0,89.6,0.7,3.27,2.93,5286252.0,8255316.0,481.606,436.192,2,4,4,16208.25,18122.83,42.93,3.58,1045438.19
compute-6-25,10061.0,10004.73,56.26,3.0,47.5,16.3,3.25,3.33,6165632.0,8255316.0,481.606,435.789,1,4,3,16517.19,18122.83,40.93,3.27,734804.87
compute-6-24,10061.0,9999.43,61.57,3.0,74.9,1.5,3.88,3.56,5147248.0,8255316.0,481.606,435.949,1,4,3,16559.84,18122.83,42.93,3.37,879233.49
compute-6-27,10061.0,10000.62,60.38,4.0,58.3,19.4,3.86,3.87,4252444.0,8255316.0,481.606,435.117,2,4,4,16682.49,18122.83,39.93,4.04,943534.36
compute-6-26,10061.0,10001.45,59.54,2.0,66.3,1.4,3.15,3.24,4355320.0,8255316.0,481.606,432.916,1,4,3,15778.18,18122.83,40.93,2.64,1003441.92
compute-6-23,10061.0,9755.21,305.79,2.0,39.7,15.4,2.02,1.97,2695096.0,8255316.0,481.606,435.055,2,4,4,12880.97,18122.83,40.93,2.07,1094084.68
compute-5-1,10061.0,9950.68,110.31,2.0,56.3,0.3,2.56,2.64,2056952.0,8255316.0,481.606,433.1,1,4,3,13779.5,18122.83,1.93,2.08,760010.42
compute-14-1,10061.0,10001.85,59.15,4.0,52.3,7.4,3.42,3.62,5304332.0,8255316.0,481.606,434.466,2,4,4,15911.7,18122.83,0.93,4.22,990413.03
compute-14-2,10061.0,10006.69,54.3,5.0,70.1,1.6,3.37,3.24,5196308.0,8255316.0,481.606,433.536,2,4,4,15882.17,18122.83,42.93,3.47,887881.21
compute-14-3,10061.0,10012.19,48.8,4.0,78.5,2.8,3.76,3.52,4579708.0,8255316.0,481.606,433.415,2,4,4,16162.72,18122.83,43.93,3.99,984164.19
compute-14-4,10061.0,9961.0,100.0,4.0,66.6,18.1,3.88,3.81,4174724.0,8255316.0,481.606,434.509,2,4,4,14523.42,18122.83,42.93,3.83,886231.98
compute-14-5,10061.0,9998.92,62.08,4.0,96.8,1.4,4.07,4.01,5797144.0,8255316.0,481.606,433.79,2,4,4,15889.49,18122.83,38.93,4.02,1009170.19
compute-14-6,10061.0,10009.47,51.52,4.0,71.7,2.8,2.69,2.62,4886944.0,8255316.0,481.606,433.933,2,4,4,15590.09,18122.83,40.93,3.52,1054789.89
compute-14-7,10061.0,9987.53,73.47,3.0,44.2,0.4,2.13,2.49,4045832.0,8255316.0,481.606,434.38,2,4,4,15673.93,18122.83,41.93,2.14,1157623.84
compute-14-8,10061.0,9993.78,67.21,4.0,86.7,1.6,3.49,3.42,5491512.0,8255316.0,481.606,431.98,2,4,4,15594.0,18122.83,43.93,3.39,1107341.69
compute-13-6,10061.0,9761.47,299.53,4.0,96.9,0.3,3.99,3.86,3272680.0,8255316.0,973.856,902.838,2,4,4,13137.57,18122.83,37.93,4.11,739912.05
compute-13-5,10061.0,10001.48,59.52,3.0,90.1,0.4,3.7,3.52,3168456.0,8255316.0,481.606,435.138,2,4,4,13289.92,18122.83,42.93,3.59,873989.91
compute-13-4,10061.0,9530.75,530.25,2.0,67.9,0.2,2.72,2.6,3219272.0,8255316.0,481.606,435.264,2,4,4,12908.99,18122.83,38.93,2.85,905603.49
compute-13-2,10061.0,9995.07,65.93,5.0,59.4,3.3,3.0,3.05,5113444.0,8255316.0,481.606,436.301,2,4,4,15821.93,18122.83,18.93,3.08,890581.16
compute-13-1,10061.0,9972.14,88.86,1.0,28.2,12.2,2.79,3.1,3062532.0,8255316.0,481.606,436.065,1,4,3,16723.41,18122.83,38.93,2.81,1004277.87
compute-14-30,10061.0,10001.32,59.68,2.0,64.5,0.5,2.45,2.13,4339924.0,8255316.0,973.856,899.775,2,4,4,14450.52,18122.83,42.93,2.46,1056685.99
compute-5-8,10061.0,9156.59,904.41,3.0,64.0,0.6,3.16,3.11,1262056.0,8255316.0,481.606,434.169,2,4,4,11130.52,18122.83,42.93,3.06,1018708.37
compute-14-32,10061.0,9921.04,139.96,1.0,44.6,0.4,1.77,1.69,2204364.0,8255316.0,481.606,435.322,1,4,3,13641.59,18122.83,42.93,1.64,1127494.35
compute-14-33,10061.0,9902.66,158.34,2.0,46.5,2.9,1.9,1.98,4354024.0,8255316.0,481.606,432.191,2,4,4,14634.66,18122.83,42.93,1.91,1085491.75
compute-14-34,10061.0,9990.33,70.66,2.0,59.1,0.2,2.06,1.98,3050144.0,8255316.0,481.606,432.942,2,4,4,14179.79,18122.83,42.93,1.95,1208026.76
compute-14-35,10061.0,9420.39,640.61,2.0,56.4,3.6,2.03,1.99,2738388.0,8255316.0,481.606,431.44,2,4,4,12298.54,18122.83,0.93,2.77,1059575.28
compute-14-37,10061.0,10004.12,56.88,4.0,69.2,8.1,3.76,3.55,5632616.0,8255316.0,481.606,434.819,2,4,4,16166.76,18122.83,40.93,3.91,945228.79
compute-14-38,10061.0,9995.27,65.73,5.0,79.4,0.8,3.36,3.29,4213668.0,8255316.0,481.606,435.139,2,4,4,15236.33,18122.83,2.93,4.17,1038547.43
compute-5-3,10061.0,10003.61,57.38,1.0,46.5,3.9,1.64,1.54,2759724.0,8255316.0,481.606,434.492,2,4,4,14652.02,18122.83,38.93,1.96,787270.92
compute-5-5,10061.0,10005.23,55.76,4.0,96.5,0.6,3.52,3.08,3759352.0,8255316.0,481.606,433.81,2,4,4,16642.55,18122.83,38.93,4.32,1161277.76
compute-5-7,10061.0,9676.48,384.52,4.0,67.6,0.6,3.03,2.92,2808172.0,8255316.0,481.606,433.228,2,4,4,13029.16,18122.83,39.93,3.09,893900.1
compute-5-6,10061.0,9857.24,203.75,2.0,48.4,1.6,2.08,2.06,3510428.0,8255316.0,481.606,434.258,2,4,4,13994.25,18122.83,41.93,2.00,1017928.73
compute-6-2,10061.0,9992.41,68.59,3.0,78.0,6.6,3.75,3.13,2996380.0,8255316.0,481.606,424.442,2,4,4,13101.64,18122.83,43.93,5.36,1060258.64
compute-6-1,10061.0,9688.63,372.37,2.0,48.1,0.2,1.94,2.0,1517660.0,8255316.0,481.606,434.259,2,4,4,11400.68,18122.83,40.93,1.93,935050.89
compute-6-6,10061.0,10004.53,56.46,3.0,73.5,0.8,2.97,2.85,3090988.0,8255316.0,481.606,434.096,2,4,4,13620.17,18122.83,2.93,3.02,1008168.87
compute-6-7,10061.0,9987.02,73.97,4.0,96.6,0.6,3.52,2.89,4110472.0,8255316.0,481.606,434.096,2,4,4,15310.79,18122.83,2.93,3.36,1148531.94
compute-6-4,10061.0,9999.12,61.88,4.0,49.6,1.1,2.46,2.55,3494148.0,8255316.0,481.606,436.023,1,4,3,16895.19,18122.83,0.93,2.19,1319942.13
compute-6-5,10061.0,9469.31,591.68,3.0,55.9,14.1,2.95,3.26,4574232.0,8255316.0,481.606,434.488,2,4,4,14355.39,18122.83,33.93,3.00,927266.99
compute-6-8,10061.0,9943.74,117.25,2.0,48.6,0.8,2.04,1.94,3738900.0,8255316.0,481.606,434.869,2,4,4,14030.59,18122.83,42.93,2.07,1132889.25
compute-13-28,10061.0,9230.88,830.12,3.0,78.3,0.6,3.0,2.85,2655184.0,8255316.0,481.606,434.455,2,4,4,12036.73,18122.83,30.93,3.07,952936.47
compute-13-29,10061.0,9718.79,342.21,3.0,59.4,0.2,2.48,2.45,2056180.0,8255316.0,481.606,430.432,2,4,4,12075.09,18122.83,37.93,2.40,932091.01
compute-13-26,10061.0,9930.61,130.39,1.0,25.5,0.9,1.89,1.86,2625488.0,8255316.0,481.606,433.273,2,4,4,14130.62,18122.83,21.93,1.66,1104253.81
compute-13-27,10061.0,9998.89,62.11,1.0,29.5,0.5,2.15,2.16,3303136.0,8255316.0,481.606,434.505,1,4,3,16078.64,18122.83,0.93,1.63,922390.51
compute-13-24,10061.0,9253.46,807.53,4.0,61.9,2.4,3.0,3.08,2330492.0,8255316.0,481.606,436.669,2,4,4,13982.63,18122.83,34.93,3.14,834430.38
compute-13-25,10061.0,10003.62,57.38,2.0,58.0,0.6,2.3,1.97,3566104.0,8255316.0,481.606,432.444,2,4,4,14156.9,18122.83,38.93,2.36,1013952.05
compute-13-23,10061.0,10006.06,54.94,4.0,84.1,0.6,3.24,3.12,4758484.0,8255316.0,481.606,434.094,2,4,4,14997.83,18122.83,38.93,3.23,933519.07
compute-2-10,10061.0,9747.73,313.27,2.0,57.7,1.2,2.9,3.01,3194312.0,8255316.0,481.606,434.984,1,4,3,14431.23,18122.83,37.93,2.52,883725.71
compute-2-11,10061.0,9604.11,456.89,3.0,73.6,1.2,3.19,3.12,3001756.0,8255316.0,481.606,434.496,2,4,4,12752.87,18122.83,44.93,3.28,959210.74
compute-2-12,10061.0,9950.89,110.1,3.0,73.1,1.3,3.07,2.87,3870208.0,8255316.0,481.606,434.496,2,4,4,15156.24,18122.83,42.93,3.08,834139.14
compute-2-14,10061.0,9999.99,61.01,3.0,69.3,8.4,3.7,3.75,5987304.0,8255316.0,481.606,430.846,2,4,4,15914.72,18122.83,1.93,4.05,932144.34
compute-2-15,10061.0,9930.71,130.29,5.0,97.3,0.8,4.09,4.01,5664784.0,8255316.0,481.606,434.959,2,4,4,15771.38,18122.83,40.93,4.18,845914.85
compute-2-16,10061.0,9995.7,65.3,4.0,79.5,1.5,3.87,3.86,4509872.0,8255316.0,481.606,435.631,1,4,3,16568.09,18122.83,41.93,3.95,810709.55
compute-2-17,10061.0,9923.86,137.13,2.0,64.5,1.3,2.83,2.88,3389492.0,8255316.0,481.606,433.443,1,4,3,14806.87,18122.83,44.93,2.28,895563.99
compute-2-18,10061.0,9986.35,74.64,2.0,49.0,0.7,2.07,2.0,3848616.0,8255316.0,481.606,434.886,2,4,4,14005.43,18122.83,42.93,2.06,1730784.03
compute-14-40,10061.0,10008.77,52.22,2.0,49.6,0.9,2.83,3.07,3662544.0,8255316.0,481.606,435.832,1,4,2,16187.34,18122.83,1.93,2.05,830878.52
compute-2-8,10061.0,10008.68,52.31,3.0,66.6,1.0,3.54,3.55,3625392.0,8255316.0,481.606,435.6,2,4,4,16371.91,18122.83,44.93,3.12,956470.02
compute-2-9,10061.0,9993.16,67.84,4.0,61.5,19.9,3.77,3.76,3504836.0,8255316.0,481.606,435.438,2,4,4,16302.13,18122.83,40.93,4.30,814309.73
compute-2-7,10061.0,9924.57,136.42,4.0,86.0,0.9,3.85,3.76,2886784.0,8255316.0,481.606,435.245,1,4,3,14452.33,18122.83,44.93,3.82,884091.72
compute-1-9,10061.0,9914.45,146.54,2.0,49.9,0.9,2.13,2.14,2739380.0,8255316.0,481.606,432.874,2,4,4,12809.36,18122.83,5.93,2.20,776159.99
compute-1-8,10061.0,9159.77,901.23,2.0,51.3,0.5,3.5,3.8,1970648.0,8255316.0,481.606,426.869,2,4,4,13196.39,18122.83,43.93,2.85,1003429.77
compute-6-11,10061.0,9923.41,137.59,3.0,73.0,1.1,3.08,2.88,3801764.0,8255316.0,481.606,435.455,2,4,4,15192.29,18122.83,44.93,3.21,947246.62
compute-6-14,10061.0,10050.54,10.46,0.0,0.0,0.0,0.0,0.0,1794512.0,8255316.0,481.606,449.978,4,4,0,17820.79,18122.83,17.93,0.00,16808.24
compute-6-15,10061.0,9993.94,67.06,3.0,67.7,1.0,2.49,2.37,2735380.0,8255316.0,481.606,431.955,2,4,4,14348.67,18122.83,42.93,2.55,1028591.63
compute-6-16,10061.0,9997.56,63.43,1.0,56.2,3.6,3.46,3.57,4482436.0,8255316.0,481.606,434.779,1,4,3,16749.67,18122.83,37.93,3.01,1243744.64
compute-6-17,10061.0,9998.66,62.33,3.0,83.0,1.4,3.34,3.24,5279512.0,8255316.0,481.606,433.453,2,4,4,15712.52,18122.83,39.93,3.38,906406.65
compute-6-10,10061.0,9974.66,86.34,2.0,47.4,1.0,2.87,2.76,3775040.0,8255316.0,481.606,435.288,1,4,3,15293.5,18122.83,41.93,2.22,1728312.95
compute-5-4,10061.0,9927.38,133.61,3.0,34.3,10.4,3.27,3.64,3345176.0,8255316.0,481.606,434.504,1,4,2,15479.36,18122.83,39.93,2.82,1046278.0
compute-6-12,10061.0,9999.14,61.85,4.0,72.6,2.0,3.68,3.67,4792892.0,8255316.0,481.606,435.715,1,4,3,16560.82,18122.83,42.93,3.33,928742.15
compute-6-13,10061.0,9895.8,165.19,3.0,46.1,0.7,2.48,2.41,2429968.0,8255316.0,481.606,435.787,1,4,3,14949.19,18122.83,0.93,1.49,1153126.75
compute-6-18,10061.0,10000.62,60.38,4.0,95.7,1.6,4.08,4.02,3007044.0,8255316.0,481.606,434.885,2,4,4,16231.77,18122.83,42.93,4.15,1045655.18
compute-1-11,10061.0,9997.85,63.15,4.0,96.6,1.3,4.12,4.01,5763164.0,8255316.0,481.606,433.066,2,4,4,15885.66,18122.83,1.93,4.10,986510.19
compute-1-10,10061.0,10005.28,55.72,2.0,48.8,1.9,3.1,3.6,5136508.0,8255316.0,481.606,436.336,1,4,3,16756.83,18122.83,0.93,2.70,920388.44
compute-1-13,10061.0,9876.88,184.11,2.0,72.8,2.0,3.11,3.21,3138088.0,8255316.0,481.606,433.008,2,4,4,15422.11,18122.83,2.93,3.06,1058326.89
compute-1-12,10061.0,9409.52,651.47,3.0,65.6,0.7,2.94,2.91,3357616.0,8255316.0,481.606,434.441,2,4,4,12908.11,18122.83,5.93,2.90,1315812.6
compute-1-15,10061.0,10007.97,53.03,4.0,95.8,1.0,4.1,4.01,3879656.0,8255316.0,481.606,424.437,2,4,4,15979.11,18122.83,0.93,3.67,803824.87
compute-1-14,10061.0,9998.21,62.79,3.0,48.3,1.6,2.22,2.19,4007740.0,8255316.0,481.606,435.127,2,4,4,15303.43,18122.83,40.93,2.13,863284.81
compute-1-17,10061.0,10006.2,54.79,4.0,91.5,1.2,3.58,3.22,5663300.0,8255316.0,481.606,431.382,2,4,4,15766.3,18122.83,40.93,3.48,1598354.17
compute-1-16,10061.0,9780.19,280.8,3.0,73.9,0.5,3.64,3.75,2699544.0,8255316.0,481.606,433.854,1,4,3,14590.61,18122.83,44.93,3.28,802503.58
compute-5-15,10061.0,9997.64,63.36,1.0,23.8,0.2,1.28,1.17,3616984.0,8255316.0,481.606,435.491,2,4,4,13852.72,18122.83,0.93,0.98,823695.44
compute-5-14,10061.0,9859.04,201.95,2.0,50.6,1.4,2.18,2.26,2999660.0,8255316.0,481.606,435.028,2,4,4,13014.65,18122.83,2.93,2.24,943588.69
compute-5-16,10061.0,9624.14,436.85,3.0,65.3,1.2,3.06,2.88,3082120.0,8255316.0,481.606,435.857,2,4,4,14348.74,18122.83,42.93,3.13,1006113.08
compute-5-11,10061.0,9996.95,64.04,2.0,49.4,1.0,2.14,2.01,4083768.0,8255316.0,481.606,436.903,2,4,4,14290.07,18122.83,43.93,2.42,1048860.23
compute-5-10,10061.0,9808.31,252.68,4.0,79.7,0.5,3.44,3.25,4048844.0,8255316.0,481.606,430.572,2,4,4,14122.06,18122.83,39.93,3.75,977891.39
compute-5-13,10061.0,9946.13,114.87,3.0,72.1,1.5,3.12,3.05,3880888.0,8255316.0,481.606,434.217,2,4,4,15934.1,18122.83,2.93,3.38,1068661.08
compute-5-12,10061.0,9473.82,587.18,4.0,98.3,0.2,3.89,3.84,2110244.0,8255316.0,304.395,266.059,2,4,4,12851.59,18122.83,44.93,4.00,880254.49
compute-12-2,26148.0,26126.13,21.87,0.0,0.0,0.0,0.01,0.0,3149928.0,24727772.0,465.001,430.193,1,12,0,49767.14,50296.21,1.93,0.01,392779.54
compute-12-1,26148.0,26130.57,17.43,0.0,0.0,0.0,0.0,0.08,2512336.0,24727772.0,465.001,429.082,1,12,0,49659.86,50296.21,31.93,0.01,384389.25
compute-5-28,10061.0,10010.59,50.41,4.0,84.9,0.6,3.78,3.55,3384308.0,8255316.0,481.606,435.386,2,4,4,15973.36,18122.83,40.93,3.91,778180.75
compute-5-29,10061.0,9994.84,66.15,4.0,95.1,1.7,4.13,4.01,5415580.0,8255316.0,481.606,435.038,2,4,4,16241.61,18122.83,43.93,4.23,1038686.96
compute-5-24,10061.0,9990.34,70.65,3.0,44.8,17.8,2.55,2.28,4345556.0,8255316.0,481.606,435.621,2,4,4,14295.19,18122.83,2.93,2.89,969996.63
compute-5-25,10061.0,10004.96,56.04,4.0,95.3,1.8,4.2,3.91,4321632.0,8255316.0,481.606,434.011,2,4,4,16316.78,18122.83,43.93,4.43,1052009.67
compute-5-26,10061.0,9996.25,64.75,4.0,71.1,1.4,3.07,3.02,4974036.0,8255316.0,481.606,426.723,2,4,4,15191.73,18122.83,40.93,3.00,989094.93
compute-5-27,10061.0,9879.79,181.21,3.0,70.7,1.2,3.0,2.89,4067420.0,8255316.0,481.606,434.643,2,4,4,14147.34,18122.83,31.93,3.27,998193.52
compute-5-23,10061.0,9933.04,127.95,3.0,34.2,1.2,1.54,1.7,3341484.0,8255316.0,481.606,436.375,0,4,4,14432.4,18122.83,1128.93,1.53,815306.59
compute-13-18,10061.0,8723.51,1337.49,3.0,70.4,0.1,2.93,2.89,3303456.0,8255316.0,481.606,434.078,2,4,4,12214.63,18122.83,32.93,3.00,844472.08
compute-13-13,10061.0,9610.13,450.87,2.0,37.4,5.5,1.64,1.54,2625840.0,8255316.0,481.606,435.295,2,4,4,13939.86,18122.83,39.93,1.73,833740.27
compute-13-12,10061.0,9992.77,68.23,3.0,73.2,1.2,3.16,3.0,3711516.0,8255316.0,481.606,435.253,2,4,4,15235.83,18122.83,29.93,3.10,1346704.79
compute-13-11,10061.0,10004.33,56.67,3.0,83.8,2.2,3.87,3.89,4786824.0,8255316.0,481.606,435.433,2,4,4,16370.94,18122.83,1.93,3.84,998390.29
compute-13-10,10061.0,9990.63,70.37,4.0,92.9,0.3,3.86,3.68,4583928.0,8255316.0,481.606,433.061,2,4,4,14647.16,18122.83,29.93,4.08,1015735.63
compute-13-17,10061.0,10001.07,59.92,0.0,6.6,0.2,0.38,0.4,2761260.0,8255316.0,481.606,433.12,2,4,4,12893.76,18122.83,34.93,0.24,765372.33
compute-13-16,10061.0,9792.99,268.01,3.0,68.7,1.8,3.05,3.03,2150560.0,8255316.0,481.606,432.457,2,4,4,13427.92,18122.83,37.93,2.95,975463.76
compute-13-15,10061.0,9943.58,117.41,3.0,64.8,0.7,2.71,2.59,2199568.0,8255316.0,481.606,434.488,2,4,4,12268.14,18122.83,37.93,2.75,953336.34
compute-13-14,10061.0,9949.08,111.91,3.0,71.1,0.5,3.0,2.9,4396596.0,8255316.0,481.606,434.809,2,4,4,14601.69,18122.83,9.93,2.85,816050.87
compute-14-15,10061.0,10010.76,50.24,4.0,66.5,11.4,3.62,3.68,5835052.0,8255316.0,481.606,435.663,2,4,4,16279.87,18122.83,42.93,3.72,934958.28
compute-5-17,10061.0,10011.06,49.93,4.0,87.7,1.0,3.47,3.34,5020396.0,8255316.0,481.606,434.717,2,4,4,15292.34,18122.83,38.93,3.45,880763.13
compute-14-18,10061.0,9994.81,66.19,3.0,49.4,0.4,2.31,2.22,3181008.0,8255316.0,481.606,432.533,1,4,3,14743.86,18122.83,42.93,1.92,1023737.98
compute-14-12,10061.0,9340.27,720.73,5.0,73.8,6.6,3.86,3.7,3357132.0,8255316.0,481.606,432.094,2,4,4,14203.55,18122.83,42.93,4.13,1067287.25
compute-14-13,10061.0,9979.11,81.88,3.0,62.6,0.9,2.47,2.38,4212868.0,8255316.0,481.606,432.702,2,4,4,14319.91,18122.83,1.93,2.45,1054415.8
compute-14-10,10061.0,9916.79,144.21,2.0,43.0,7.1,1.41,1.45,3130320.0,8255316.0,481.606,434.74,2,4,4,13915.62,18122.83,43.93,1.54,779218.64
compute-14-11,10061.0,9851.07,209.93,3.0,62.7,0.8,2.95,3.08,2188324.0,8255316.0,481.606,432.633,1,4,3,13445.01,18122.83,42.93,2.75,987929.11
compute-14-16,10061.0,9982.3,78.7,3.0,74.0,5.7,3.64,3.53,4019512.0,8255316.0,481.606,432.737,2,4,4,15942.24,18122.83,39.93,3.90,1148632.63
compute-14-17,10061.0,9990.57,70.43,4.0,72.9,0.6,3.28,3.25,4200112.0,8255316.0,481.606,434.535,1,4,3,15791.86,18122.83,41.93,3.29,1122674.09
compute-14-14,10061.0,10001.82,59.18,2.0,70.7,0.7,3.16,3.01,3426724.0,8255316.0,481.606,435.482,1,4,3,15275.86,18122.83,39.93,3.22,967156.21
compute-5-18,10061.0,9994.83,66.16,4.0,96.1,0.8,3.97,3.78,3768676.0,8255316.0,481.606,434.971,2,4,4,13945.07,18122.83,42.93,3.90,1125544.41
compute-5-39,10061.0,9989.23,71.77,4.0,95.1,1.8,4.12,3.94,5761264.0,8255316.0,481.606,433.894,2,4,4,16291.41,18122.83,41.93,4.24,1205781.28
compute-5-38,10061.0,9971.11,89.89,1.0,24.6,0.8,1.5,1.64,3234776.0,8255316.0,481.606,436.072,1,4,3,14769.33,18122.83,0.93,1.29,820475.88
compute-5-37,10061.0,10061.0,0.0,3.0,3.3,18.5,0.11,0.04,162040.0,8255316.0,481.606,453.636,4,4,0,17868.23,18122.83,31.93,0.00,902.2
compute-5-36,10061.0,9927.3,133.7,4.0,41.8,18.0,2.24,1.86,4052108.0,8255316.0,481.606,428.473,2,4,4,14079.79,18122.83,40.93,3.19,1074105.39
compute-5-35,10061.0,10002.06,58.93,0.0,69.3,6.7,3.79,3.85,5164540.0,8255316.0,481.606,434.935,2,4,4,16389.4,18122.83,44.93,3.87,1036462.64
compute-5-34,10061.0,10002.48,58.52,4.0,94.8,1.9,4.14,4.01,4946580.0,8255316.0,481.606,432.909,2,4,4,16179.98,18122.83,40.93,4.15,1226208.01
compute-5-33,10061.0,9994.98,66.02,2.0,49.0,0.8,2.04,1.91,3097900.0,8255316.0,481.606,432.963,2,4,4,14368.2,18122.83,1.93,2.06,1567038.85
compute-5-32,10061.0,9998.88,62.12,4.0,96.6,1.6,4.07,3.92,3914128.0,8255316.0,481.606,435.298,2,4,4,14045.77,18122.83,41.93,4.09,1613274.38
compute-5-30,10061.0,9893.83,167.17,4.0,79.1,1.8,3.17,3.1,4113088.0,8255316.0,481.606,433.425,2,4,4,15682.01,18122.83,2.93,3.30,1055606.17
compute-2-38,10061.0,9985.94,75.06,3.0,73.2,1.3,3.11,3.05,3997496.0,8255316.0,481.606,435.154,2,4,4,14125.84,18122.83,0.93,3.12,922708.75
compute-2-39,10061.0,9742.16,318.84,2.0,50.5,0.2,2.17,2.14,217820.0,8255316.0,481.606,433.868,2,4,4,10124.16,18122.83,1.93,2.02,777246.16
compute-2-36,10061.0,9933.48,127.52,2.0,55.9,0.2,1.45,1.24,2131976.0,8255316.0,481.606,432.653,2,4,4,12254.6,18122.83,37.93,1.55,1552959.84
compute-2-37,10061.0,10007.47,53.53,4.0,96.3,1.8,4.09,4.0,3653964.0,8255316.0,481.606,436.071,2,4,4,16037.38,18122.83,3.93,4.16,626129.49
compute-2-34,10061.0,9952.59,108.41,3.0,68.4,0.7,2.62,2.36,3442448.0,8255316.0,481.606,433.561,2,4,4,13505.56,18122.83,43.93,2.68,909802.24
compute-2-35,10061.0,10001.34,59.66,3.0,87.5,1.5,3.84,3.8,4311332.0,8255316.0,481.606,435.924,1,4,3,16481.66,18122.83,3.93,3.59,914076.51
compute-2-32,10061.0,9276.68,784.32,5.0,73.3,1.2,3.07,3.08,3379572.0,8255316.0,481.606,433.145,2,4,4,13281.03,18122.83,2.93,3.23,904215.6
compute-2-33,10061.0,9845.29,215.71,3.0,70.5,0.5,3.08,3.07,1922320.0,8255316.0,481.606,433.693,2,4,4,12398.59,18122.83,41.93,3.11,917429.51
compute-2-30,10061.0,9880.86,180.14,3.0,73.2,1.4,3.1,3.09,2645764.0,8255316.0,481.606,434.201,2,4,4,13981.2,18122.83,44.93,3.20,1094689.4
compute-6-32,10061.0,10003.78,57.21,2.0,73.8,0.6,2.72,2.56,4194628.0,8255316.0,481.606,434.536,1,4,3,15432.28,18122.83,42.93,2.56,1002333.32
compute-6-33,10061.0,9777.98,283.01,1.0,37.8,1.0,1.61,1.7,2634424.0,8255316.0,481.606,434.862,1,4,3,13981.27,18122.83,41.93,1.70,982041.35
compute-6-30,10061.0,9666.73,394.27,2.0,49.8,0.8,2.11,2.08,1695900.0,8255316.0,481.606,433.705,2,4,4,12714.19,18122.83,40.93,2.08,984332.28
compute-6-36,10061.0,10002.57,58.42,1.0,53.2,22.0,3.66,3.63,5786592.0,8255316.0,481.606,435.059,2,4,4,16288.68,18122.83,44.93,4.02,903829.02
compute-6-37,10061.0,10061.0,0.0,0.0,0.0,0.0,0.01,0.0,1669072.0,8255316.0,481.606,452.425,4,4,0,17860.66,18122.83,31.93,0.00,1153.41
compute-6-34,10061.0,9993.88,67.12,5.0,95.4,1.3,3.97,3.79,4935636.0,8255316.0,481.606,435.496,2,4,4,15978.25,18122.83,1.93,4.09,1137617.59
compute-6-35,10061.0,10004.79,56.21,4.0,77.4,7.1,3.76,3.71,5464148.0,8255316.0,481.606,434.392,2,4,4,15934.4,18122.83,40.93,3.94,1186698.34
compute-6-38,10061.0,8400.29,1660.7,3.0,74.7,0.4,3.37,3.41,2149740.0,8255316.0,481.606,434.495,1,4,3,12001.14,18122.83,41.93,3.20,858380.27
compute-6-39,10061.0,9016.79,1044.21,4.0,91.2,0.0,3.97,3.92,1158896.0,8255316.0,481.606,431.354,2,4,4,10411.69,18122.83,40.93,4.16,1003354.0
compute-13-8,10061.0,9214.39,846.6,2.0,30.1,0.1,1.62,1.78,2885948.0,8255316.0,481.606,434.986,1,4,3,13868.2,18122.83,38.93,1.44,833075.77
compute-13-7,10061.0,9426.81,634.19,3.0,87.1,1.5,3.93,3.93,2720996.0,8255316.0,481.606,435.108,2,4,4,13606.14,18122.83,39.93,3.86,700498.26
compute-13-3,10061.0,9878.7,182.29,2.0,68.6,0.2,2.6,2.48,3444424.0,8255316.0,481.606,434.181,2,4,4,13732.07,18122.83,34.93,2.89,931999.31
compute-14-27,10061.0,10013.57,47.43,3.0,58.6,2.8,2.65,2.55,4445232.0,8255316.0,481.606,435.405,2,4,4,15423.24,18122.83,0.93,3.15,1042355.56
compute-14-26,10061.0,9998.44,62.55,3.0,71.8,1.4,3.08,2.68,4633968.0,8255316.0,481.606,433.294,2,4,4,15246.98,18122.83,1.93,3.02,1008696.57
compute-14-25,10061.0,9980.88,80.12,3.0,33.4,16.2,2.18,2.08,4682796.0,8255316.0,481.606,431.784,2,4,4,15045.64,18122.83,42.93,2.41,1073250.75
compute-14-24,10061.0,9995.28,65.71,2.0,31.4,11.9,2.02,2.18,4093068.0,8255316.0,481.606,433.893,1,4,3,15139.21,18122.83,0.93,2.07,1130088.59
compute-14-23,10061.0,9990.79,70.21,3.0,73.2,1.2,3.48,3.35,3582064.0,8255316.0,481.606,434.87,1,4,3,15165.3,18122.83,37.93,3.20,1021269.76
compute-14-36,10061.0,10006.84,54.16,3.0,62.7,2.3,3.16,3.06,4420264.0,8255316.0,973.856,902.358,1,4,3,16745.19,18122.83,42.93,3.61,1016841.77
compute-14-29,10061.0,9986.98,74.02,3.0,32.0,1.2,1.46,1.5,3107808.0,8255316.0,481.606,436.182,2,4,4,14296.69,18122.83,42.93,1.67,906589.03
compute-14-28,10061.0,9930.88,130.12,2.0,35.2,0.2,1.23,1.08,3444392.0,8255316.0,481.606,432.971,2,4,4,13499.27,18122.83,40.93,1.42,1113206.24
compute-14-39,10061.0,9777.66,283.33,3.0,61.2,8.0,3.02,3.1,3747680.0,8255316.0,727.73,668.363,1,4,3,14054.01,18122.83,2.93,3.04,973478.35
compute-5-2,10061.0,10004.86,56.14,3.0,70.2,1.2,2.9,2.88,4493636.0,8255316.0,481.606,434.011,2,4,4,15234.75,18122.83,36.93,2.70,966120.17
compute-13-39,10061.0,9989.4,71.59,3.0,78.5,0.7,2.94,2.73,3442536.0,8255316.0,481.606,435.958,2,4,4,15479.02,18122.83,30.93,3.22,848181.39
compute-13-38,10061.0,9950.41,110.58,3.0,81.6,0.5,3.64,3.65,1749140.0,8255316.0,481.606,433.534,1,4,3,13316.21,18122.83,30.93,3.60,865259.56
compute-13-35,10061.0,9881.55,179.45,3.0,71.0,0.4,2.96,2.67,3072632.0,8255316.0,481.606,434.304,2,4,4,13082.04,18122.83,39.93,2.99,979089.18
compute-13-34,10061.0,9886.38,174.61,3.0,76.5,0.8,3.66,3.7,2289600.0,8255316.0,481.606,432.749,1,4,3,13741.18,18122.83,42.93,3.47,831220.1
compute-13-37,10061.0,9999.72,61.27,3.0,67.3,0.9,2.86,2.54,4564100.0,8255316.0,481.606,433.818,2,4,4,15746.45,18122.83,44.93,3.07,1010605.93
compute-13-36,10061.0,9983.55,77.44,0.0,22.6,1.5,1.81,1.93,3097416.0,8255316.0,481.606,435.343,1,4,3,16104.17,18122.83,39.93,1.32,1031776.05
compute-13-30,10061.0,9959.92,101.08,3.0,83.7,1.4,3.63,3.66,2549684.0,8255316.0,481.606,434.33,2,4,4,15871.24,18122.83,30.93,3.66,866201.47
compute-13-33,10061.0,9388.02,672.98,2.0,52.7,4.2,2.77,2.73,1979420.0,8255316.0,481.606,432.28,2,4,4,12531.35,18122.83,39.93,2.53,964524.92
compute-13-32,10061.0,9904.59,156.4,3.0,81.6,0.5,3.16,3.05,3985632.0,8255316.0,481.606,434.654,2,4,4,14150.24,18122.83,43.93,3.24,1118976.68
compute-6-3,10061.0,9883.73,177.26,2.0,62.7,0.5,2.75,2.72,2017352.0,8255316.0,481.606,435.176,1,4,3,13398.23,18122.83,43.93,2.65,1095407.25
compute-13-40,10061.0,9958.18,102.82,1.0,21.5,0.7,0.86,0.75,2884532.0,8255316.0,481.606,433.207,2,4,4,13042.05,18122.83,13.93,0.91,921054.21
compute-2-29,10061.0,10005.97,55.03,3.0,82.1,0.1,2.85,2.75,3649092.0,8255316.0,481.606,434.161,2,4,4,13806.07,18122.83,32.07,3.43,901955.97
compute-2-28,10061.0,10061.0,0.0,0.0,0.0,0.0,0.0,0.0,1485600.0,8255316.0,481.606,452.613,0,4,0,17866.45,18122.83,180590.07,0.00,967.03
compute-2-23,10061.0,9939.14,121.86,2.0,73.9,0.2,2.99,2.86,2672060.0,8255316.0,481.606,435.418,2,4,4,13171.09,18122.83,32.07,3.14,697253.68
compute-2-25,10061.0,8846.8,1214.2,4.0,98.2,0.8,4.03,3.95,3747424.0,8255316.0,481.606,434.016,2,4,4,13301.08,18122.83,24.07,4.10,783133.99
compute-2-24,10061.0,9704.39,356.61,4.0,84.6,1.2,3.18,3.1,3052924.0,8255316.0,481.606,434.688,2,4,4,12936.54,18122.83,26.07,3.53,770293.19
compute-2-27,10061.0,9880.32,180.68,4.0,73.1,0.2,2.5,2.46,3358856.0,8255316.0,481.606,434.835,2,4,4,13360.62,18122.83,26.07,2.89,830907.95
compute-2-26,10061.0,10002.78,58.21,4.0,78.2,1.4,3.66,3.84,5536344.0,8255316.0,481.606,435.376,2,4,4,16386.26,18122.83,22.07,3.72,858153.2
compute-6-29,10061.0,9992.89,68.1,4.0,96.3,1.4,4.1,3.81,5383500.0,8255316.0,481.606,435.823,2,4,4,16256.23,18122.83,30.07,4.06,968626.54
compute-6-28,10061.0,9999.0,62.0,4.0,93.5,2.9,3.44,3.08,5618696.0,8255316.0,481.606,435.87,2,4,4,15804.44,18122.83,28.07,3.72,1045704.85
compute-6-25,10061.0,10004.77,56.23,6.0,77.4,1.4,3.75,3.55,4902032.0,8255316.0,481.606,435.745,2,4,4,16139.46,18122.83,26.07,3.58,735165.54
compute-6-24,10061.0,9999.47,61.53,3.0,91.5,1.9,3.93,3.65,5755712.0,8255316.0,481.606,435.278,2,4,4,16125.75,18122.83,28.07,3.79,879637.83
compute-6-27,10061.0,10000.62,60.38,4.0,95.4,1.2,4.0,3.92,4333916.0,8255316.0,481.606,435.071,2,4,4,16076.52,18122.83,25.07,4.04,943726.72
compute-6-26,10061.0,10001.45,59.54,3.0,71.4,1.0,3.09,3.18,4498240.0,8255316.0,481.606,432.836,2,4,4,15636.91,18122.83,26.07,2.83,1004077.28
compute-6-23,10061.0,9860.67,200.33,2.0,56.7,1.2,2.32,2.1,2635948.0,8255316.0,481.606,435.824,2,4,4,14440.25,18122.83,26.07,2.26,1094382.79
compute-5-1,10061.0,9950.5,110.5,4.0,79.0,0.6,2.83,2.71,2890596.0,8255316.0,481.606,432.146,2,4,4,13111.39,18122.83,32.07,3.07,760493.04
compute-14-1,10061.0,10001.73,59.26,4.0,94.0,1.7,3.88,3.76,4961472.0,8255316.0,481.606,434.234,2,4,4,15704.25,18122.83,31.07,4.10,990678.15
compute-14-2,10061.0,10006.7,54.3,4.0,96.9,0.0,3.73,3.43,4638792.0,8255316.0,481.606,433.54,2,4,4,14786.3,18122.83,28.07,3.88,888917.61
compute-14-3,10061.0,10012.2,48.8,4.0,96.8,0.6,3.94,3.64,4771980.0,8255316.0,481.606,433.247,2,4,4,15636.55,18122.83,29.07,4.03,984697.83
compute-14-4,10061.0,9958.71,102.29,4.0,97.2,0.9,4.09,3.91,3876308.0,8255316.0,481.606,434.489,2,4,4,13949.36,18122.83,28.07,4.10,886396.92
compute-14-5,10061.0,9998.92,62.08,4.0,96.6,1.3,4.1,4.02,5801508.0,8255316.0,481.606,433.725,2,4,4,15883.63,18122.83,24.07,4.08,1009231.82
compute-14-6,10061.0,10009.4,51.6,4.0,89.7,0.1,3.2,2.85,4868916.0,8255316.0,481.606,433.7,2,4,4,14981.43,18122.83,26.07,3.56,1055741.48
compute-14-7,10061.0,9987.25,73.74,4.0,91.2,0.0,2.99,2.73,4888604.0,8255316.0,481.606,433.32,2,4,4,14958.58,18122.83,27.07,3.52,1158573.18
compute-14-8,10061.0,9993.81,67.18,3.0,66.2,1.3,3.27,3.37,4863256.0,8255316.0,481.606,432.523,1,4,3,15873.66,18122.83,29.07,2.96,1107987.88
compute-13-6,10061.0,9761.47,299.52,4.0,96.0,0.3,4.07,3.92,3263336.0,8255316.0,973.856,902.811,2,4,4,13135.26,18122.83,23.07,4.03,740292.31
compute-13-5,10061.0,10000.45,60.55,4.0,70.3,0.8,3.52,3.51,2688544.0,8255316.0,481.606,435.75,2,4,4,13448.46,18122.83,28.07,3.12,874896.92
compute-13-4,10061.0,9530.75,530.25,3.0,66.3,0.2,2.68,2.61,3179072.0,8255316.0,481.606,435.264,2,4,4,12846.27,18122.83,23.07,2.62,906250.84
compute-13-2,10061.0,9995.09,65.91,3.0,59.1,2.3,3.02,3.05,4295236.0,8255316.0,481.606,436.646,2,4,4,16408.94,18122.83,4.07,2.78,891004.51
compute-13-1,10061.0,9972.14,88.86,3.0,73.6,0.4,2.84,3.02,3861576.0,8255316.0,481.606,435.421,2,4,4,15424.65,18122.83,24.07,3.00,1005218.01
compute-14-30,10061.0,10001.32,59.68,3.0,66.5,0.6,2.42,2.19,4331324.0,8255316.0,973.856,899.736,2,4,4,14440.52,18122.83,28.07,2.39,1057480.72
compute-5-8,10061.0,9155.39,905.61,3.0,65.8,0.6,3.1,3.09,1264336.0,8255316.0,481.606,434.148,2,4,4,11128.28,18122.83,29.07,3.10,1018779.47
compute-14-32,10061.0,9920.79,140.2,3.0,51.5,0.2,1.91,1.74,2897280.0,8255316.0,481.606,434.685,2,4,4,12850.54,18122.83,28.07,2.00,1128275.47
compute-14-33,10061.0,9902.66,158.34,3.0,66.3,0.6,2.39,2.16,4009024.0,8255316.0,481.606,432.147,2,4,4,14031.11,18122.83,28.07,2.68,1086098.35
compute-14-34,10061.0,9990.33,70.66,2.0,60.2,0.1,2.29,2.09,3070176.0,8255316.0,481.606,432.921,2,4,4,14158.86,18122.83,28.07,2.43,1209059.0
compute-14-35,10061.0,9417.01,643.98,3.0,67.3,0.6,2.27,2.1,2629760.0,8255316.0,481.606,431.408,2,4,4,12172.02,18122.83,31.07,2.33,1060041.4
compute-14-37,10061.0,10004.12,56.88,4.0,96.2,0.7,4.11,3.74,5133440.0,8255316.0,481.606,434.785,2,4,4,15389.86,18122.83,30.07,4.47,945683.02
compute-14-38,10061.0,9995.97,65.02,5.0,97.5,0.2,3.88,3.53,4566188.0,8255316.0,481.606,434.837,2,4,4,14635.91,18122.83,33.07,4.12,1038742.99
compute-5-3,10061.0,10003.61,57.38,2.0,54.5,2.6,2.0,1.71,2925888.0,8255316.0,481.606,434.389,2,4,4,14492.47,18122.83,24.07,2.49,787350.93
compute-5-5,10061.0,10005.24,55.76,4.0,96.5,0.5,3.88,3.36,4330240.0,8255316.0,481.606,433.223,2,4,4,16762.13,18122.83,24.07,4.25,1161280.35
compute-5-7,10061.0,9815.37,245.63,3.0,69.3,1.7,3.22,3.02,2961704.0,8255316.0,481.606,433.537,2,4,4,13495.39,18122.83,25.07,3.35,893990.88
compute-5-6,10061.0,9857.24,203.75,2.0,66.1,1.2,2.29,2.14,3548176.0,8255316.0,481.606,434.219,2,4,4,13980.17,18122.83,27.07,2.77,1018044.42
compute-6-2,10061.0,9991.3,69.7,3.0,69.5,0.2,3.32,3.15,2357768.0,8255316.0,481.606,424.446,2,4,4,12518.01,18122.83,29.07,2.86,1060789.56
compute-6-1,10061.0,9688.63,372.37,2.0,59.9,0.2,2.08,2.03,1522416.0,8255316.0,481.606,434.254,2,4,4,11388.73,18122.83,30.07,2.34,935475.34
compute-6-6,10061.0,10004.52,56.48,3.0,57.7,0.9,2.98,2.89,3093372.0,8255316.0,481.606,434.102,2,4,4,13831.72,18122.83,33.07,2.49,1008419.35
compute-6-7,10061.0,9987.74,73.25,3.0,66.7,1.6,3.18,2.95,3597484.0,8255316.0,481.606,434.658,2,4,4,15231.55,18122.83,33.07,2.82,1148918.92
compute-6-4,10061.0,9999.13,61.86,3.0,73.7,1.1,2.89,2.7,4794500.0,8255316.0,481.606,434.873,2,4,4,16042.06,18122.83,31.07,3.18,1321812.05
compute-6-5,10061.0,9456.64,604.36,5.0,92.0,4.0,3.67,3.45,3236096.0,8255316.0,481.606,433.566,2,4,4,12902.07,18122.83,19.07,4.45,927756.38
compute-6-8,10061.0,9943.78,117.22,4.0,54.5,1.5,2.02,1.95,3798228.0,8255316.0,481.606,434.848,2,4,4,14023.76,18122.83,28.07,1.94,1133312.97
compute-13-28,10061.0,9230.88,830.12,3.0,71.2,0.7,2.94,2.85,2667736.0,8255316.0,481.606,434.443,2,4,4,12689.19,18122.83,16.07,2.81,953206.49
compute-13-29,10061.0,9710.22,350.78,2.0,65.3,0.1,2.68,2.53,2026836.0,8255316.0,481.606,430.365,2,4,4,12048.27,18122.83,23.07,2.94,932426.85
compute-13-26,10061.0,9930.61,130.39,1.0,24.5,0.7,1.52,1.71,2628408.0,8255316.0,481.606,433.291,2,4,4,14064.63,18122.83,6.07,1.46,1104343.19
compute-13-27,10061.0,9998.89,62.11,0.0,50.3,0.1,2.0,2.09,3700728.0,8255316.0,481.606,434.166,2,4,4,15422.84,18122.83,31.07,2.27,923135.38
compute-13-24,10061.0,9253.48,807.51,3.0,67.7,1.2,3.04,3.08,2846448.0,8255316.0,481.606,436.336,2,4,4,14166.42,18122.83,20.07,3.03,834663.06
compute-13-25,10061.0,10003.37,57.63,3.0,62.9,0.7,2.24,2.03,3589568.0,8255316.0,481.606,432.357,2,4,4,14272.81,18122.83,24.07,2.20,1014693.66
compute-13-23,10061.0,10006.04,54.96,4.0,80.7,0.5,3.34,3.19,4668704.0,8255316.0,481.606,434.049,2,4,4,14971.49,18122.83,24.07,3.54,934112.67
compute-2-10,10061.0,9747.73,313.26,2.0,54.2,1.2,2.67,2.87,3353400.0,8255316.0,481.606,434.951,2,4,4,14299.24,18122.83,23.07,2.24,883958.99
compute-2-11,10061.0,9603.48,457.52,3.0,73.5,1.1,3.11,3.09,2996204.0,8255316.0,481.606,434.463,2,4,4,12750.96,18122.83,30.07,3.07,959252.51
compute-2-12,10061.0,9950.89,110.1,3.0,73.2,1.6,3.04,2.91,3901972.0,8255316.0,481.606,434.465,2,4,4,15154.48,18122.83,28.07,2.98,834211.65
compute-2-14,10061.0,10000.0,61.0,4.0,82.4,0.3,3.42,3.61,5595016.0,8255316.0,481.606,431.215,2,4,4,16038.64,18122.83,32.07,3.57,932472.83
compute-2-15,10061.0,9930.77,130.23,6.0,97.3,0.7,4.13,4.04,5753188.0,8255316.0,481.606,434.919,2,4,4,15850.85,18122.83,26.07,4.20,845947.63
compute-2-16,10061.0,9996.08,64.91,4.0,96.7,1.7,3.97,3.9,5236924.0,8255316.0,481.606,434.959,2,4,4,16002.01,18122.83,27.07,4.00,811086.61
compute-2-17,10061.0,9923.95,137.05,3.0,72.5,1.1,2.96,2.89,3700016.0,8255316.0,481.606,433.192,2,4,4,14245.58,18122.83,30.07,3.16,895893.97
compute-2-18,10061.0,9986.07,74.92,2.0,29.9,0.9,1.77,1.9,3256296.0,8255316.0,481.606,435.497,1,4,3,14078.21,18122.83,28.07,1.46,1731330.59
compute-14-40,10061.0,10008.79,52.21,5.0,97.2,0.0,3.74,3.37,4625568.0,8255316.0,481.606,434.251,2,4,4,14807.72,18122.83,32.07,4.23,832204.45
compute-2-8,10061.0,10008.77,52.22,4.0,90.3,0.6,3.79,3.62,4221672.0,8255316.0,481.606,435.006,2,4,4,15487.25,18122.83,30.07,4.16,957212.5
compute-2-9,10061.0,9993.16,67.84,4.0,97.1,1.1,3.96,3.83,3556700.0,8255316.0,481.606,435.408,2,4,4,15730.99,18122.83,30.07,4.15,814739.72
compute-2-7,10061.0,9923.96,137.03,4.0,96.0,0.6,3.87,3.78,3799956.0,8255316.0,481.606,434.287,2,4,4,13878.82,18122.83,30.07,3.97,884484.91
compute-1-9,10061.0,9911.86,149.14,4.0,76.8,1.0,2.67,2.36,2726052.0,8255316.0,481.606,432.855,2,4,4,12799.16,18122.83,36.07,3.07,776230.5
compute-1-8,10061.0,9161.12,899.88,4.0,80.0,1.1,3.11,3.52,2572700.0,8255316.0,481.606,426.858,2,4,4,11958.34,18122.83,29.07,2.98,1003484.92
compute-6-11,10061.0,9923.57,137.43,3.0,73.5,1.4,3.12,2.95,4024836.0,8255316.0,481.606,435.227,2,4,4,15158.74,18122.83,30.07,3.19,947297.69
compute-6-14,10061.0,10050.54,10.46,0.0,0.0,0.0,0.0,0.0,1793092.0,8255316.0,481.606,449.979,4,4,0,17855.75,18122.83,4.07,0.00,16808.41
compute-6-15,10061.0,9993.94,67.06,13.0,68.2,0.8,2.57,2.44,2705236.0,8255316.0,481.606,431.858,2,4,4,13478.29,18122.83,28.07,2.57,1029041.05
compute-6-16,10061.0,9997.99,63.01,7.0,77.0,1.0,3.46,3.52,5510768.0,8255316.0,481.606,433.86,2,4,4,16027.21,18122.83,23.07,3.45,1244182.55
compute-6-17,10061.0,9998.66,62.33,4.0,90.0,1.3,3.43,3.3,5357948.0,8255316.0,481.606,433.372,2,4,4,15686.92,18122.83,25.07,3.64,906811.19
compute-6-10,10061.0,9973.49,87.51,4.0,70.6,1.3,2.9,2.8,4385112.0,8255316.0,481.606,434.349,2,4,4,14689.28,18122.83,27.07,2.96,1729083.46
compute-5-4,10061.0,9925.68,135.32,4.0,80.5,0.5,3.49,3.6,3353144.0,8255316.0,481.606,434.245,2,4,4,14848.28,18122.83,25.07,3.74,1046526.31
compute-6-12,10061.0,9999.15,61.85,4.0,94.7,1.1,3.88,3.74,5710220.0,8255316.0,481.606,434.729,2,4,4,15848.91,18122.83,28.07,4.06,929145.95
compute-6-13,10061.0,9895.97,165.03,2.0,55.0,1.3,2.45,2.39,2885796.0,8255316.0,481.606,435.44,2,4,4,14704.72,18122.83,31.07,2.44,1153684.86
compute-6-18,10061.0,10000.62,60.38,4.0,96.0,1.1,4.13,4.04,3065036.0,8255316.0,481.606,434.838,2,4,4,16048.29,18122.83,28.07,4.20,1046009.19
compute-1-11,10061.0,9997.85,63.15,4.0,89.3,1.5,3.81,3.9,5414404.0,8255316.0,481.606,433.699,2,4,4,16427.84,18122.83,32.07,3.74,987072.02
compute-1-10,10061.0,10005.28,55.72,4.0,95.3,0.9,3.77,3.74,5927276.0,8255316.0,481.606,435.325,2,4,4,16065.31,18122.83,31.07,4.10,920778.63
compute-1-13,10061.0,9876.89,184.11,3.0,73.0,1.6,3.05,3.15,3163608.0,8255316.0,481.606,432.982,2,4,4,15415.32,18122.83,34.07,3.01,1058371.74
compute-1-12,10061.0,9410.4,650.59,4.0,70.2,0.5,3.12,2.99,3301396.0,8255316.0,481.606,434.423,2,4,4,12905.54,18122.83,36.07,3.01,1316113.64
compute-1-15,10061.0,10010.16,50.84,3.0,71.1,2.1,3.51,3.78,3912336.0,8255316.0,481.606,424.412,2,4,4,15897.91,18122.83,31.07,3.56,803830.48
compute-1-14,10061.0,9998.21,62.79,3.0,57.3,1.6,2.23,2.19,4033644.0,8255316.0,481.606,435.101,2,4,4,15296.45,18122.83,30.07,2.49,863350.88
compute-1-17,10061.0,10006.18,54.81,4.0,91.2,1.5,3.69,3.36,5662692.0,8255316.0,481.606,431.294,2,4,4,15778.98,18122.83,26.07,3.75,1598802.01
compute-1-16,10061.0,9780.19,280.8,4.0,97.5,0.1,3.84,3.79,3197516.0,8255316.0,481.606,433.439,2,4,4,14021.63,18122.83,30.07,4.05,802810.47
compute-5-15,10061.0,9997.64,63.36,2.0,25.0,0.5,1.32,1.21,3586048.0,8255316.0,481.606,435.826,2,4,4,14401.13,18122.83,31.07,1.57,824115.91
compute-5-14,10061.0,9858.99,202.0,2.0,48.7,1.2,2.19,2.24,2996964.0,8255316.0,481.606,434.997,2,4,4,13013.09,18122.83,33.07,2.21,943657.76
compute-5-16,10061.0,9624.24,436.75,3.0,67.0,2.1,2.95,2.86,3211928.0,8255316.0,481.606,435.775,2,4,4,14258.62,18122.83,28.07,3.00,1006186.42
compute-5-11,10061.0,10000.36,60.64,3.0,72.8,2.5,2.44,2.13,4065500.0,8255316.0,481.606,437.217,1,4,3,14579.89,18122.83,29.07,3.04,1048972.87
compute-5-10,10061.0,9808.06,252.93,4.0,79.1,1.1,3.41,3.28,3797092.0,8255316.0,481.606,430.512,2,4,4,13940.58,18122.83,25.07,3.69,978499.48
compute-5-13,10061.0,10007.57,53.43,4.0,84.7,1.9,3.54,3.24,4022516.0,8255316.0,481.606,434.474,2,4,4,16410.55,18122.83,33.07,4.03,1068706.5
compute-5-12,10061.0,9473.82,587.18,4.0,97.7,0.3,3.93,3.86,2242744.0,8255316.0,304.395,265.928,2,4,4,12931.02,18122.83,30.07,3.99,880255.53
compute-12-2,26148.0,26126.13,21.87,0.0,0.0,0.0,0.0,0.0,3146364.0,24727772.0,465.001,430.197,1,12,0,49769.38,50296.21,32.07,0.00,392803.01
compute-12-1,26148.0,26130.57,17.43,0.0,0.0,0.0,0.0,0.05,2512340.0,24727772.0,465.001,429.082,1,12,0,49724.04,50296.21,17.07,0.00,384416.5
compute-5-28,10061.0,10010.77,50.23,2.0,77.2,0.8,3.49,3.49,2905280.0,8255316.0,481.606,435.89,2,4,4,16537.24,18122.83,26.07,2.90,778800.16
compute-5-29,10061.0,9994.84,66.15,4.0,92.5,2.5,4.11,4.01,5436104.0,8255316.0,481.606,435.016,1,4,3,16474.81,18122.83,29.07,3.42,1038900.42
compute-5-24,10061.0,9989.75,71.25,3.0,73.7,1.5,2.81,2.46,4032892.0,8255316.0,481.606,435.586,2,4,4,14285.74,18122.83,33.07,2.88,970104.5
compute-5-25,10061.0,10004.96,56.04,4.0,95.0,1.6,4.18,3.97,4386716.0,8255316.0,481.606,433.945,2,4,4,16302.98,18122.83,29.07,4.21,1052012.26
compute-5-26,10061.0,9996.28,64.72,3.0,75.9,1.3,3.07,3.02,5105072.0,8255316.0,481.606,426.539,2,4,4,15163.07,18122.83,30.07,3.19,989633.67
compute-5-27,10061.0,9879.79,181.2,3.0,69.5,1.1,3.03,2.93,4106196.0,8255316.0,481.606,434.61,2,4,4,14135.34,18122.83,17.07,3.20,998579.65
compute-5-23,10061.0,9933.04,127.95,3.0,34.2,1.2,1.54,1.7,3341484.0,8255316.0,481.606,436.375,0,4,4,14432.4,18122.83,1429.07,1.53,815306.59
compute-13-18,10061.0,8723.45,1337.54,3.0,72.9,0.2,2.91,2.9,3213760.0,8255316.0,481.606,434.07,2,4,4,12190.14,18122.83,18.07,2.81,844829.98
compute-13-13,10061.0,9610.25,450.74,3.0,41.5,2.5,1.66,1.56,2974920.0,8255316.0,481.606,435.035,2,4,4,13948.0,18122.83,25.07,1.72,833830.55
compute-13-12,10061.0,9992.77,68.23,3.0,75.7,1.1,3.15,3.02,3735468.0,8255316.0,481.606,435.229,2,4,4,15209.99,18122.83,16.07,3.12,1346745.89
compute-13-11,10061.0,10004.78,56.22,2.0,80.7,6.4,4.17,4.01,5687372.0,8255316.0,481.606,435.091,2,4,4,15906.35,18122.83,32.07,3.74,998787.36
compute-13-10,10061.0,9990.64,70.36,3.0,84.6,0.8,3.84,3.72,3681264.0,8255316.0,481.606,433.946,1,4,3,15184.74,18122.83,15.07,3.64,1016386.45
compute-13-17,10061.0,10001.07,59.92,0.0,16.1,0.3,0.37,0.37,2724148.0,8255316.0,481.606,433.079,2,4,4,12887.2,18122.83,20.07,0.35,765779.71
compute-13-16,10061.0,9792.39,268.6,3.0,79.5,0.1,3.08,3.02,2881888.0,8255316.0,481.606,431.777,2,4,4,12802.23,18122.83,23.07,3.20,975978.41
compute-13-15,10061.0,9943.57,117.42,2.0,67.8,1.4,2.77,2.65,2162704.0,8255316.0,481.606,434.468,2,4,4,12244.5,18122.83,23.07,2.59,953646.19
compute-13-14,10061.0,9949.08,111.91,3.0,71.2,0.6,2.93,2.89,4386740.0,8255316.0,481.606,434.792,2,4,4,14578.77,18122.83,40.07,2.94,816378.98
compute-14-15,10061.0,10010.99,50.01,3.0,52.4,1.2,3.07,3.46,4433656.0,8255316.0,481.606,436.882,1,4,3,16240.16,18122.83,28.07,2.41,935598.69
compute-5-17,10061.0,10010.86,50.13,3.0,84.3,1.3,3.41,3.35,4431484.0,8255316.0,481.606,435.125,2,4,4,15881.73,18122.83,24.07,3.22,881367.34
compute-14-18,10061.0,9994.89,66.11,2.0,49.6,0.3,1.97,2.1,3226692.0,8255316.0,481.606,432.499,2,4,4,14682.52,18122.83,28.07,1.76,1024728.88
compute-14-12,10061.0,9340.27,720.73,4.0,97.1,0.3,3.97,3.79,3391584.0,8255316.0,481.606,432.079,2,4,4,13582.76,18122.83,28.07,4.00,1067812.48
compute-14-13,10061.0,9979.11,81.88,4.0,70.3,0.9,2.57,2.42,4191684.0,8255316.0,481.606,432.668,2,4,4,14309.58,18122.83,32.07,2.44,1055099.05
compute-14-10,10061.0,9916.79,144.21,2.0,48.6,0.2,1.71,1.56,3130608.0,8255316.0,481.606,434.74,2,4,4,13324.5,18122.83,29.07,1.99,779993.27
compute-14-11,10061.0,9846.93,214.07,3.0,92.1,0.0,3.29,3.18,2656668.0,8255316.0,481.606,431.948,2,4,4,12744.02,18122.83,28.07,3.54,989143.55
compute-14-16,10061.0,9982.3,78.7,2.0,80.9,0.6,3.54,3.53,4006476.0,8255316.0,481.606,432.956,1,4,3,15939.95,18122.83,25.07,3.12,1149367.37
compute-14-17,10061.0,9990.57,70.43,4.0,96.9,0.6,3.75,3.44,4894284.0,8255316.0,481.606,433.881,2,4,4,15112.59,18122.83,31.07,3.97,1123688.04
compute-14-14,10061.0,10001.98,59.01,3.0,66.2,0.7,2.87,2.92,4152072.0,8255316.0,481.606,434.829,2,4,4,15542.53,18122.83,25.07,2.78,968014.08
compute-5-18,10061.0,9994.83,66.16,4.0,96.7,0.9,4.03,3.85,3799604.0,8255316.0,481.606,434.941,2,4,4,13935.37,18122.83,28.07,4.04,1125933.99
compute-5-39,10061.0,9989.23,71.77,4.0,95.0,2.3,4.11,3.98,5816976.0,8255316.0,481.606,433.835,2,4,4,16314.29,18122.83,27.07,4.15,1205781.6
compute-5-38,10061.0,9971.37,89.63,2.0,52.6,0.9,1.9,1.76,3767680.0,8255316.0,481.606,435.113,2,4,4,14067.57,18122.83,31.07,1.96,820962.0
compute-5-37,10061.0,10061.0,0.0,3.0,3.3,18.5,0.11,0.04,162040.0,8255316.0,481.606,453.636,4,4,0,17867.93,18122.83,17.07,0.00,902.32
compute-5-36,10061.0,9927.28,133.72,3.0,68.7,0.6,2.64,2.16,3450184.0,8255316.0,481.606,428.347,2,4,4,13489.84,18122.83,30.07,2.57,1074717.27
compute-5-35,10061.0,10002.19,58.81,4.0,76.6,2.5,3.67,3.78,4418992.0,8255316.0,481.606,435.718,2,4,4,16326.52,18122.83,30.07,3.79,1036508.14
compute-5-34,10061.0,10002.48,58.52,4.0,80.3,1.5,3.8,3.89,4422220.0,8255316.0,481.606,433.455,2,4,4,16302.55,18122.83,30.07,4.00,1226443.65
compute-5-33,10061.0,9994.98,66.02,2.0,49.1,1.0,2.02,1.91,3217660.0,8255316.0,481.606,432.841,2,4,4,14362.31,18122.83,32.07,2.07,1567109.21
compute-5-32,10061.0,9998.48,62.52,4.0,96.4,1.5,4.17,4.0,3754256.0,8255316.0,481.606,435.248,2,4,4,13912.19,18122.83,27.07,4.16,1613278.94
compute-5-30,10061.0,9893.83,167.17,3.0,71.4,2.3,3.15,3.1,4165692.0,8255316.0,481.606,433.379,2,4,4,15678.87,18122.83,33.07,3.12,1055622.45
compute-2-38,10061.0,9985.94,75.06,3.0,73.2,1.0,2.96,2.98,4255740.0,8255316.0,481.606,435.125,2,4,4,14441.24,18122.83,31.07,3.03,922755.14
compute-2-39,10061.0,9734.92,326.08,2.0,51.0,0.2,2.06,2.09,202940.0,8255316.0,481.606,433.868,2,4,4,10122.44,18122.83,32.07,2.02,777316.02
compute-2-36,10061.0,9933.01,127.99,2.0,69.5,0.2,2.06,1.53,2157664.0,8255316.0,481.606,432.618,2,4,4,12232.75,18122.83,23.07,2.40,1553822.95
compute-2-37,10061.0,10007.47,53.53,4.0,96.2,1.5,4.15,4.04,3694416.0,8255316.0,481.606,436.028,2,4,4,16037.43,18122.83,34.07,4.19,626164.07
compute-2-34,10061.0,9952.68,108.32,2.0,67.3,1.8,2.54,2.38,3223924.0,8255316.0,481.606,433.508,2,4,4,13301.89,18122.83,29.07,2.53,910470.78
compute-2-35,10061.0,10001.45,59.54,5.0,77.7,1.5,3.76,3.78,4486024.0,8255316.0,481.606,435.863,2,4,4,16501.86,18122.83,34.07,3.44,914285.08
compute-2-32,10061.0,9276.69,784.31,2.0,73.7,0.9,3.11,3.09,3410748.0,8255316.0,481.606,433.113,2,4,4,13251.07,18122.83,33.07,3.02,904247.99
compute-2-33,10061.0,9845.29,215.71,3.0,68.1,0.6,3.15,3.09,1915964.0,8255316.0,481.606,433.667,2,4,4,12384.76,18122.83,27.07,3.15,917466.59
compute-2-30,10061.0,9880.86,180.14,3.0,73.1,1.3,3.12,3.09,2744804.0,8255316.0,481.606,434.164,2,4,4,13974.88,18122.83,30.07,3.07,1094732.61
compute-6-32,10061.0,10003.13,57.87,5.0,83.6,0.4,3.0,2.71,4783440.0,8255316.0,481.606,433.553,2,4,4,14873.29,18122.83,28.07,3.15,1003346.47
compute-6-33,10061.0,9778.23,282.77,2.0,48.8,0.9,1.89,1.78,2938156.0,8255316.0,481.606,434.629,2,4,4,13417.63,18122.83,27.07,2.08,982403.91
compute-6-30,10061.0,9666.73,394.27,1.0,61.2,0.6,2.15,2.1,1711960.0,8255316.0,481.606,433.689,2,4,4,12703.6,18122.83,30.07,2.12,984424.74
compute-6-36,10061.0,10002.64,58.36,3.0,95.3,1.4,4.1,3.84,5582880.0,8255316.0,481.606,435.01,2,4,4,15846.67,18122.83,30.07,4.26,904016.73
compute-6-37,10061.0,10061.0,0.0,0.0,0.0,0.0,0.0,0.0,1674076.0,8255316.0,481.606,452.42,4,4,0,17831.48,18122.83,17.07,0.00,1155.92
compute-6-34,10061.0,9993.99,67.0,4.0,96.1,1.0,4.12,3.91,5181164.0,8255316.0,481.606,435.265,2,4,4,15964.52,18122.83,32.07,4.22,1137945.57
compute-6-35,10061.0,10005.31,55.69,3.0,94.0,1.2,3.95,3.81,4683416.0,8255316.0,481.606,434.841,2,4,4,15319.27,18122.83,26.07,4.03,1187106.22
compute-6-38,10061.0,8398.34,1662.66,3.0,87.6,0.3,3.44,3.43,2071200.0,8255316.0,481.606,434.483,1,4,3,11882.93,18122.83,27.07,3.31,858880.02
compute-6-39,10061.0,9017.32,1043.67,4.0,93.9,0.0,3.94,3.91,1158568.0,8255316.0,481.606,431.35,2,4,4,10415.75,18122.83,26.07,3.85,1003743.34
compute-13-8,10061.0,9214.39,846.6,2.0,49.3,0.2,1.87,1.82,3573056.0,8255316.0,481.606,434.348,2,4,4,13186.64,18122.83,24.07,2.10,833510.1
compute-13-7,10061.0,9426.81,634.19,4.0,98.4,0.1,3.89,3.89,3301624.0,8255316.0,481.606,434.544,2,4,4,13077.25,18122.83,25.07,3.96,700885.77
compute-13-3,10061.0,9878.71,182.28,2.0,50.8,1.1,2.44,2.44,2848208.0,8255316.0,481.606,434.813,2,4,4,14199.64,18122.83,20.07,2.34,932805.12
compute-14-27,10061.0,10013.32,47.68,2.0,66.6,1.4,2.91,2.69,4326572.0,8255316.0,481.606,435.539,2,4,4,15669.55,18122.83,31.07,3.07,1042486.62
compute-14-26,10061.0,9998.44,62.55,3.0,72.7,1.2,3.1,2.79,4661048.0,8255316.0,481.606,433.266,2,4,4,15239.36,18122.83,32.07,3.05,1009069.67
compute-14-25,10061.0,9980.48,80.52,2.0,65.4,0.9,2.44,2.21,4374760.0,8255316.0,481.606,431.735,2,4,4,14456.54,18122.83,28.07,2.45,1073858.05
compute-14-24,10061.0,9995.03,65.96,3.0,72.6,1.5,2.57,2.36,4412076.0,8255316.0,481.606,433.24,2,4,4,14557.11,18122.83,31.07,3.07,1130582.19
compute-14-23,10061.0,9990.69,70.31,3.0,96.5,0.7,3.81,3.51,4266624.0,8255316.0,481.606,434.198,2,4,4,14392.56,18122.83,23.07,4.07,1021701.59
compute-14-36,10061.0,10006.96,54.03,5.0,96.1,1.0,3.75,3.32,5278556.0,8255316.0,973.856,901.701,2,4,4,15638.19,18122.83,28.07,4.11,1017367.99
compute-14-29,10061.0,9986.78,74.21,2.0,49.0,0.9,1.97,1.71,3585952.0,8255316.0,481.606,435.467,2,4,4,13722.71,18122.83,28.07,2.24,906873.68
compute-14-28,10061.0,9930.8,130.19,2.0,42.5,0.2,1.37,1.17,3439120.0,8255316.0,481.606,432.945,2,4,4,13481.25,18122.83,30.07,1.56,1113981.09
compute-14-39,10061.0,9776.74,284.25,3.0,96.5,0.3,3.61,3.31,3602520.0,8255316.0,727.73,667.712,2,4,4,13466.29,18122.83,33.07,4.00,973924.39
compute-5-2,10061.0,10004.86,56.14,2.0,78.6,0.7,2.95,2.9,4527176.0,8255316.0,481.606,433.977,2,4,4,15224.43,18122.83,22.07,3.15,966361.41
compute-13-39,10061.0,9989.41,71.59,3.0,71.1,1.2,2.99,2.81,3645884.0,8255316.0,481.606,435.756,2,4,4,15554.16,18122.83,16.07,2.97,848594.25
compute-13-38,10061.0,9949.94,111.06,4.0,86.5,0.2,3.86,3.72,2370552.0,8255316.0,481.606,432.884,2,4,4,12691.42,18122.83,16.07,3.93,865693.97
compute-13-35,10061.0,9881.58,179.41,1.0,32.9,0.9,2.32,2.5,2455776.0,8255316.0,481.606,435.598,1,4,3,14115.56,18122.83,25.07,1.59,980281.89
compute-13-34,10061.0,9886.38,174.61,3.0,77.2,0.2,3.35,3.54,2342604.0,8255316.0,481.606,433.043,2,4,4,13662.36,18122.83,28.07,3.29,831649.83
compute-13-37,10061.0,9999.73,61.27,4.0,82.9,0.7,2.97,2.65,4750124.0,8255316.0,481.606,433.647,2,4,4,15735.52,18122.83,30.07,3.24,1010981.68
compute-13-36,10061.0,9984.43,76.56,3.0,46.8,0.5,1.64,1.8,3787284.0,8255316.0,481.606,434.694,2,4,4,15440.17,18122.83,25.07,1.86,1032584.06
compute-13-30,10061.0,9959.92,101.08,4.0,94.1,0.2,3.79,3.71,3204244.0,8255316.0,481.606,433.686,2,4,4,15320.16,18122.83,16.07,3.94,867284.22
compute-13-33,10061.0,9388.09,672.9,3.0,66.0,3.2,2.73,2.71,2171652.0,8255316.0,481.606,432.228,2,4,4,12660.2,18122.83,25.07,2.97,964592.72
compute-13-32,10061.0,9904.59,156.4,2.0,66.0,1.5,3.04,3.04,3983680.0,8255316.0,481.606,434.654,2,4,4,14251.48,18122.83,29.07,2.63,1119027.18
compute-6-3,10061.0,9883.61,177.39,3.0,73.8,0.2,2.74,2.7,2397488.0,8255316.0,481.606,434.961,2,4,4,12892.43,18122.83,29.07,2.92,1096097.67
compute-13-40,10061.0,9958.18,102.82,0.0,27.7,0.2,0.91,0.78,2884648.0,8255316.0,481.606,433.207,2,4,4,13033.43,18122.83,43.07,1.01,921374.92
