Color1,Color2,Color3,Color4,Device,G_Swap_Used,G_Proc_Run,G_Cpu_User,G_Cpu_Wio,G_Load_One,G_Load,G_Five,G_Load_Fifteen,G_Mem_Cached,T_State,T_Slots,T_SlotsUsed,T_AvailMem(MB),T_Time_Last_Rec,T_LoadAve,T_NetLoad(MB)
red,None,None,None,compute-2-29,23.65,4.0,24.85,0.0,1.03,1.02,716883.0,2063829.0,120.4,2,4,4,3232.32,13.3,1.01,332562.17
cyan,None,None,None,compute-2-28,0.0,0.0,0.0,0.0,0.0,0.0,1485600.0,8255316.0,481.606,0,4,0,17866.45,807287.3,0.00,967.03
yellow,None,None,None,compute-9-30,1.45,13.0,2.92,0.01,0.99,1.0,2414506.0,8262896.0,155.47,1,32,12,14703.44,10.3,0.98,175312.97
yellow,None,None,None,compute-9-36,1.92,11.0,2.94,0.0,0.95,0.96,1952882.18,9008242.91,169.61,1,32,11,16716.59,3.3,0.94,256814.06
yellow,None,None,None,compute-9-35,3.2,13.0,3.1,0.0,1.0,0.97,2362682.46,7627288.62,143.51,1,32,13,13451.78,1.3,1.0,238315.77
yellow,None,None,None,compute-9-34,3.38,12.0,2.85,0.0,0.87,0.88,1909554.77,7627288.62,143.51,1,32,13,13477.95,13.3,0.92,168214.35
red,None,None,None,compute-2-23,37.23,4.0,24.82,0.0,1.01,1.01,1005385.0,2063829.0,120.4,2,4,4,3503.74,11.3,1.0,267249.77
red,None,None,None,compute-2-25,17.15,4.0,24.2,0.0,1.01,1.0,1317735.0,2063829.0,120.4,2,4,4,3941.8,3.3,1.01,310867.28
red,None,None,None,compute-2-24,14.44,4.0,24.95,0.0,1.0,1.0,575465.0,2063829.0,120.4,2,4,4,3296.53,8.3,1.0,313857.14
red,None,None,None,compute-2-27,308.99,3.0,18.8,0.03,0.78,0.77,468446.0,2063829.0,120.4,2,4,4,2978.3,6.3,0.76,305367.46
red,None,None,None,compute-2-26,58.17,3.0,21.25,0.03,0.78,0.76,328682.0,2063829.0,120.4,2,4,4,2818.84,4.3,0.85,321777.86
red,None,None,None,compute-6-29,11.54,4.0,24.93,0.0,1.02,1.01,765135.0,2063829.0,120.4,2,4,4,3288.08,8.3,1.0,379321.92
red,None,None,None,compute-6-28,51.44,3.0,18.75,0.07,0.74,0.72,495053.0,2063829.0,120.4,2,4,4,2990.53,7.3,0.75,389877.38
red,None,None,None,compute-6-25,13.98,4.0,18.98,0.05,0.88,0.9,645353.0,2063829.0,120.4,2,4,4,3172.49,4.3,0.78,281651.91
red,None,None,None,compute-6-24,16.27,4.0,24.9,0.0,1.0,1.0,990705.0,2063829.0,120.4,2,4,4,3711.89,9.3,1.02,400066.32
red,None,None,None,compute-6-27,13.99,3.0,23.52,0.05,0.94,0.92,781618.0,2063829.0,120.4,2,4,4,3309.64,6.3,1.0,347209.92
red,None,None,None,compute-6-26,58.4,3.0,18.75,0.03,0.76,0.75,461594.0,2063829.0,120.4,2,4,4,2956.39,5.3,0.79,369790.55
red,None,None,None,compute-6-23,35.37,3.0,18.77,0.03,0.76,0.76,865077.0,2063829.0,120.4,2,4,4,3557.47,4.3,0.76,381462.61
yellow,None,None,None,compute-9-33,1.36,13.0,3.1,0.0,1.0,0.97,2471894.77,7627288.62,143.51,1,32,13,13396.87,10.3,1.0,200188.68
yellow,None,None,None,compute-9-32,1.48,13.0,3.11,0.0,0.99,0.96,1971104.0,7627288.62,143.51,1,32,13,13350.38,10.3,1.0,189495.06
green,None,None,None,compute-22-17,16.73,13.0,5.74,0.45,0.98,0.95,891500.0,2538204.0,35.13,1,16,13,3501.15,8.3,1.0,108589.37
green,None,None,None,compute-22-16,5.19,13.0,6.03,0.03,0.94,0.94,1219147.08,2538204.0,35.13,1,16,13,3869.78,7.3,0.97,84890.74
green,None,None,None,compute-22-15,5.0,12.0,5.34,0.1,0.83,0.83,803985.85,2538204.0,35.13,1,16,13,4326.6,44.3,0.87,99444.11
green,None,None,None,compute-22-14,3.03,13.0,6.15,0.02,0.9,0.9,1152911.08,2538204.0,35.13,1,16,13,4081.6,5.3,0.97,108482.33
green,None,None,None,compute-22-13,2.33,10.0,5.02,0.05,0.85,0.9,792192.92,2538204.0,35.13,1,16,13,4256.45,42.3,0.79,156685.68
green,None,None,None,compute-22-12,8.82,10.0,4.85,0.03,0.77,0.79,1019408.62,2538204.0,35.13,1,16,13,4091.9,4.3,0.77,322307.48
green,None,None,None,compute-22-11,4.33,11.0,6.49,0.07,1.08,1.1,1479137.82,2999695.64,41.52,1,16,11,4921.53,8.3,1.0,137291.31
green,None,None,None,compute-22-18,9.56,12.0,6.0,0.02,0.94,0.91,1060708.92,2538204.0,35.13,1,16,13,3661.07,5.3,0.98,106416.18
green,None,None,None,compute-7-39,4.82,11.0,5.25,0.02,0.82,0.82,1252434.15,2538204.0,35.13,1,16,13,4075.83,8.3,0.79,145804.91
green,None,None,None,compute-7-38,18.85,13.0,4.31,0.01,0.7,0.69,815157.25,2062290.75,28.54,2,16,16,2964.65,8.3,0.7,85571.9
green,None,None,None,compute-21-29,1.52,12.0,6.48,0.02,1.07,1.02,1014091.38,2538204.0,35.13,1,16,13,4035.97,8.3,1.0,216865.44
green,None,None,None,compute-21-28,4.29,11.0,6.18,0.05,1.09,1.11,920396.36,2999695.64,41.52,1,16,11,4822.91,0.3,0.99,109318.9
green,None,None,None,compute-21-27,2.2,13.0,6.51,0.03,1.0,1.02,976015.33,2749721.0,38.06,1,16,12,4593.0,1.3,1.0,72144.73
green,None,None,None,compute-21-26,2.62,10.0,6.89,0.02,1.2,1.18,1191513.09,2999695.64,41.52,1,16,11,4701.39,9.3,1.02,128260.24
green,None,None,None,compute-21-25,2.65,12.0,5.94,0.01,1.0,0.99,1025758.77,2538204.0,35.13,1,16,13,3836.28,34.3,0.97,131170.75
green,None,None,None,compute-21-24,2.46,11.0,5.21,0.02,0.86,0.88,1103878.77,2538204.0,35.13,1,16,13,3905.33,37.3,0.85,81758.09
green,None,None,None,compute-21-23,1.76,13.0,6.28,0.02,1.04,1.03,1169347.69,2538204.0,35.13,1,16,13,3925.67,7.3,1.0,194988.98
red,None,None,None,compute-5-1,95.82,4.0,24.98,0.0,1.01,1.0,640634.0,2063829.0,120.4,2,4,4,3127.97,13.3,1.01,316705.94
red,None,None,None,compute-14-1,111.4,4.0,21.07,1.93,1.02,1.0,576267.0,2063829.0,120.4,2,4,4,3387.34,11.3,1.1,330219.95
red,None,None,None,compute-14-2,23.28,4.0,24.95,0.0,1.0,0.98,561363.0,2063829.0,120.4,2,4,4,3084.95,6.3,1.02,314016.55
red,None,None,None,compute-14-3,13.52,2.0,21.07,0.13,1.14,1.26,887284.0,2751772.0,160.54,1,4,3,5385.29,6.3,0.87,470704.65
red,None,None,None,compute-14-4,14.29,4.0,24.48,0.13,0.96,0.96,914906.0,2063829.0,120.4,2,4,4,3427.76,11.3,1.06,324008.83
cyan,None,None,None,compute-14-5,18.79,0.0,0.0,0.0,0.0,0.0,1596332.0,8255316.0,481.606,4,4,0,17836.93,40.3,0.00,1064593.96
red,None,None,None,compute-14-6,10.26,4.0,24.9,0.0,1.0,1.0,1059755.0,2063829.0,120.4,2,4,4,3709.84,4.3,1.02,363833.47
red,None,None,None,compute-14-7,5.91,4.0,24.95,0.0,1.02,1.0,1292293.0,2063829.0,120.4,2,4,4,3857.36,3.3,1.02,386089.11
red,None,None,None,compute-14-8,5.58,4.0,24.88,0.0,1.01,1.0,1153194.0,2063829.0,120.4,2,4,4,3683.0,9.3,1.02,381029.1
red,None,None,None,compute-13-6,11.98,4.0,24.93,0.0,1.0,1.0,921450.0,2063829.0,243.46,2,4,4,3480.18,2.3,1.01,281480.73
red,None,None,None,compute-13-5,142.78,3.0,19.0,0.05,0.78,0.76,431590.0,2063829.0,120.4,2,4,4,3807.26,42.3,0.8,330652.16
red,None,None,None,compute-13-4,30.22,4.0,24.88,0.0,1.03,1.02,843135.0,2063829.0,120.4,2,4,4,3472.37,2.3,1.02,311232.91
green,None,None,None,compute-7-40,12.48,13.0,6.34,0.04,1.03,1.04,1212707.38,2538204.0,35.13,1,16,13,3910.96,10.3,1.01,264091.02
red,None,None,None,compute-13-2,11.47,4.0,24.73,0.0,1.01,0.99,642925.0,2063829.0,120.4,2,4,4,3174.77,31.3,1.02,335381.59
red,None,None,None,compute-13-1,14.55,4.0,24.93,0.0,1.01,1.0,911509.0,2063829.0,120.4,2,4,4,3488.35,1.3,1.0,367096.48
red,None,None,None,compute-14-30,41.9,4.0,24.82,0.07,1.01,1.0,1016997.0,2063829.0,243.46,2,4,4,3507.66,7.3,1.02,344053.43
red,None,None,None,compute-5-8,21.54,4.0,24.8,0.0,0.98,0.96,818846.0,2063829.0,120.4,2,4,4,3340.35,6.3,1.0,343631.35
red,None,None,None,compute-14-32,92.79,4.0,24.95,0.0,1.0,1.0,720276.0,2063829.0,120.4,2,4,4,3170.33,9.3,1.0,358874.28
red,None,None,None,compute-14-33,8.5,5.0,24.88,0.0,1.01,1.0,979623.0,2063829.0,120.4,2,4,4,3512.95,7.3,1.04,380555.16
red,None,None,None,compute-14-34,32.55,4.0,24.93,0.0,1.0,1.0,443954.0,2063829.0,120.4,2,4,4,2958.68,7.3,1.02,386861.6
red,None,None,None,compute-14-35,24.0,4.0,24.93,0.0,1.01,1.0,573633.0,2063829.0,120.4,2,4,4,3093.62,9.3,1.02,370864.78
green,None,None,None,compute-18-18,5.15,15.0,6.15,0.02,0.96,0.97,1172787.08,2538204.0,35.13,1,16,13,3870.51,10.3,1.0,114116.97
red,None,None,None,compute-14-37,12.72,3.0,23.93,0.0,0.97,0.93,840881.0,2063829.0,120.4,2,4,4,3378.08,10.3,1.02,335140.45
red,None,None,None,compute-14-38,12.18,4.0,24.9,0.0,1.01,1.0,838529.0,2063829.0,120.4,2,4,4,3364.26,11.3,1.03,365039.91
green,None,None,None,compute-18-17,19.78,12.0,4.72,0.01,0.78,0.79,447956.5,2062290.75,28.54,2,16,16,2681.32,9.3,0.76,94002.95
red,None,None,None,compute-5-3,11.24,4.0,24.93,0.0,1.01,1.0,981848.0,2063829.0,120.4,2,4,4,3522.53,3.3,1.01,330991.75
green,None,None,None,compute-18-15,6.83,13.0,6.22,0.02,0.97,0.98,1186737.54,2538204.0,35.13,1,16,13,3858.77,6.3,1.0,117868.74
red,None,None,None,compute-5-5,22.4,4.0,24.9,0.0,1.01,1.0,775758.0,2063829.0,120.4,2,4,4,3303.93,44.3,1.03,408982.43
green,None,None,None,compute-18-13,7.99,13.0,5.79,0.03,0.93,0.96,961883.69,2538204.0,35.13,1,16,13,3948.49,12.3,0.93,204862.6
red,None,None,None,compute-5-7,9.98,4.0,24.93,0.0,1.01,1.0,946811.0,2063829.0,120.4,2,4,4,3482.28,4.3,1.03,347828.59
red,None,None,None,compute-5-6,9.35,4.0,24.52,0.03,1.02,0.99,1027604.0,2063829.0,120.4,2,4,4,3590.08,2.3,1.03,382625.32
red,None,None,None,compute-6-2,49.22,3.0,21.55,0.03,0.76,0.75,561003.0,2063829.0,120.4,2,4,4,3104.9,9.3,0.82,390410.87
green,None,None,None,compute-3-41,4.45,13.0,6.2,0.02,1.01,1.01,1098133.23,2538204.0,35.13,1,16,13,3866.43,4.3,1.0,126429.22
red,None,None,None,compute-6-1,57.48,3.0,18.68,0.63,0.99,1.0,598736.0,2063829.0,120.4,2,4,4,3099.95,8.3,0.88,316980.42
red,None,None,None,compute-6-6,12.89,4.0,24.98,0.0,1.0,0.99,903349.0,2063829.0,120.4,2,4,4,3929.45,10.3,1.0,380025.8
red,None,None,None,compute-6-7,20.05,5.0,24.82,0.0,1.01,1.0,367646.0,2063829.0,120.4,2,4,4,2894.28,14.3,1.01,423818.88
red,None,None,None,compute-6-4,133.63,4.0,20.32,0.1,0.97,0.99,667964.0,2063829.0,120.4,2,4,4,3418.1,10.3,0.84,557009.27
red,None,None,None,compute-6-5,15.19,4.0,24.93,0.0,1.02,1.0,637948.0,2063829.0,120.4,2,4,4,3168.73,43.3,1.03,360201.9
red,None,None,None,compute-6-8,13.51,4.0,24.88,0.0,1.01,1.0,1129507.0,2063829.0,120.4,2,4,4,3924.13,6.3,1.0,429262.63
red,None,None,None,compute-13-28,15.55,4.0,24.95,0.03,1.01,1.0,663590.0,2063829.0,120.4,2,4,4,3202.9,33.3,1.0,354764.41
red,None,None,None,compute-13-29,8.78,4.0,24.95,0.03,1.03,1.02,1075752.0,2063829.0,120.4,2,4,4,3768.14,43.3,1.06,352053.92
red,None,None,None,compute-13-26,7.16,4.0,24.9,0.0,1.02,1.0,970484.0,2063829.0,120.4,2,4,4,3497.0,29.3,1.04,366902.23
red,None,None,None,compute-13-27,19.1,4.0,24.95,0.0,1.02,1.01,619385.0,2063829.0,120.4,2,4,4,3179.38,8.3,1.03,332081.99
red,None,None,None,compute-13-24,9.98,4.0,24.95,0.0,1.0,1.0,979260.0,2063829.0,120.4,2,4,4,3780.7,44.3,1.0,297711.64
red,None,None,None,compute-13-25,16.57,4.0,24.98,0.0,1.0,1.01,207695.0,2063829.0,120.4,2,4,4,3975.15,3.3,1.0,386090.41
red,None,None,None,compute-13-23,34.67,3.0,18.9,0.17,0.9,0.94,627131.0,2063829.0,120.4,2,4,4,3303.0,0.3,0.85,336075.22
red,None,None,None,compute-2-10,75.05,4.0,24.9,0.0,1.01,1.0,673014.0,2063829.0,120.4,2,4,4,3189.06,2.3,1.0,332190.89
red,None,None,None,compute-2-11,19.89,4.0,24.93,0.0,1.0,1.0,1038348.0,2063829.0,120.4,2,4,4,4084.56,11.3,1.03,370402.41
red,None,None,None,compute-2-12,17.42,4.0,24.82,0.0,1.02,1.02,930462.0,2063829.0,120.4,2,4,4,3482.82,9.3,1.01,339902.4
red,None,None,None,compute-2-14,26.64,4.0,19.77,0.07,0.89,0.95,937579.0,2063829.0,120.4,2,4,4,3737.21,14.3,0.8,341602.87
red,None,None,None,compute-2-15,145.83,4.0,24.93,0.0,1.0,1.0,409882.0,2063829.0,120.4,2,4,4,2816.43,8.3,1.0,322577.53
red,None,None,None,compute-2-16,19.37,4.0,24.9,0.0,1.0,1.0,750166.0,2063829.0,120.4,2,4,4,3284.25,6.3,1.0,294445.26
red,None,None,None,compute-2-17,17.36,4.0,24.9,0.0,1.0,1.0,892805.0,2063829.0,120.4,2,4,4,3906.91,10.3,1.01,348347.01
red,None,None,None,compute-2-18,199.56,4.0,24.95,0.0,1.01,1.0,443877.0,2063829.0,120.4,2,4,4,3166.22,8.3,1.0,520662.28
red,None,None,None,compute-14-40,11.06,4.0,24.82,0.0,1.01,1.0,766803.0,2063829.0,120.4,2,4,4,3289.82,12.3,1.05,338318.54
red,None,None,None,compute-2-8,52.44,4.0,24.93,0.0,1.02,1.01,1087734.0,2063829.0,120.4,2,4,4,3816.51,10.3,1.01,344912.38
red,None,None,None,compute-2-9,47.15,4.0,24.8,0.1,1.01,1.02,1005772.0,2063829.0,120.4,2,4,4,3566.18,9.3,1.0,363764.26
red,None,None,None,compute-2-7,25.75,4.0,24.55,0.0,1.04,1.03,762211.0,2063829.0,120.4,2,4,4,3277.42,12.3,1.07,348299.6
yellow,None,None,None,compute-20-40,1.89,9.0,2.66,0.01,0.95,0.97,4508666.91,9008242.91,169.61,1,32,11,15899.43,9.3,0.86,331422.5
red,None,None,None,compute-1-9,17.1,4.0,24.93,0.0,1.01,1.0,967375.0,2063829.0,120.4,2,4,4,3921.55,15.3,1.0,285480.42
red,None,None,None,compute-1-8,30.43,4.0,24.88,0.03,1.01,1.0,494394.0,2063829.0,120.4,2,4,4,3009.68,6.3,1.02,334802.56
red,None,None,None,compute-6-11,54.45,4.0,24.98,0.0,1.0,1.0,1110025.0,2063829.0,120.4,2,4,4,3628.37,6.3,1.0,350078.59
green,None,None,None,compute-8-40,3.68,13.0,6.21,0.02,0.95,0.96,1187259.38,2538204.0,35.13,1,16,13,3914.28,10.3,0.98,108779.32
cyan,None,None,None,compute-6-14,9.89,0.0,0.0,0.0,0.0,0.0,2514728.0,8255316.0,481.61,4,4,1,17835.78,10.3,0.06,17435.29
red,None,None,None,compute-6-15,10.57,4.0,24.98,0.0,1.0,1.0,976833.0,2063829.0,120.4,2,4,4,3893.51,6.3,1.0,407290.95
red,None,None,None,compute-6-16,50.94,3.0,18.68,0.03,0.69,0.68,684489.0,2063829.0,120.4,2,4,4,3180.47,3.3,0.75,427372.72
red,None,None,None,compute-6-17,40.39,4.0,24.95,0.0,1.01,1.0,611997.0,2063829.0,120.4,2,4,4,3113.67,6.3,1.02,357044.71
red,None,None,None,compute-6-10,21.04,4.0,24.93,0.0,1.01,0.99,1091210.0,2063829.0,120.4,2,4,4,3596.2,6.3,0.99,540555.78
red,None,None,None,compute-5-4,17.95,4.0,24.88,0.0,1.01,1.0,939883.0,2063829.0,120.4,2,4,4,3483.82,3.3,1.05,391200.9
red,None,None,None,compute-6-12,33.27,4.0,24.82,0.0,1.01,1.0,806293.0,2063829.0,120.4,2,4,4,3309.2,8.3,1.01,386638.87
red,None,None,None,compute-6-13,40.8,3.0,19.32,0.28,0.88,0.96,650851.0,2063829.0,120.4,2,4,4,3145.61,9.3,1.14,435461.17
red,None,None,None,compute-6-18,46.29,4.0,24.82,0.05,1.01,1.0,568078.0,2063829.0,120.4,2,4,4,3095.07,8.3,1.02,393886.24
yellow,None,None,None,compute-4-29,1.31,13.0,2.81,0.01,0.89,0.86,2373065.85,7627288.62,143.51,1,32,13,13454.65,10.3,0.88,181748.83
yellow,None,None,None,compute-4-28,3.24,13.0,2.79,0.01,0.9,0.89,2302306.46,7627288.62,143.51,1,32,13,13403.32,4.3,0.9,183135.41
yellow,None,None,None,compute-23-38,1.6,11.0,2.28,0.0,0.76,0.75,3451659.69,7622359.38,143.52,1,32,13,13183.15,7.3,0.78,237902.93
green,None,None,None,compute-22-2,15.54,15.0,5.88,0.01,1.0,0.98,547860.0,2062290.75,28.54,2,16,16,2846.21,41.3,0.96,163228.67
yellow,None,None,None,compute-23-36,1.81,10.0,2.57,0.02,0.83,0.81,3090004.67,8257564.0,155.48,1,32,12,14653.33,2.3,0.87,256455.94
yellow,None,None,None,compute-23-37,1.45,12.0,2.89,0.0,0.9,0.88,3802490.46,7622359.38,143.52,1,32,13,13238.43,8.3,0.92,226776.1
yellow,None,None,None,compute-23-34,1.79,9.0,2.48,0.0,0.86,0.88,3643282.33,8262896.0,155.47,1,32,12,14671.34,10.3,0.81,205402.43
yellow,None,None,None,compute-23-35,1.5,11.0,2.65,0.0,0.84,0.83,3107036.0,7627288.62,143.51,1,32,13,13539.33,8.3,0.82,166894.14
yellow,None,None,None,compute-4-27,1.38,13.0,3.1,0.0,1.0,0.97,1776062.46,7627288.62,143.51,1,32,13,13528.47,10.3,1.01,208154.16
yellow,None,None,None,compute-23-33,1.37,10.0,2.58,0.0,0.83,0.84,2560421.54,7627288.62,143.51,1,32,13,13639.38,10.3,0.83,224738.8
yellow,None,None,None,compute-4-25,1.52,11.0,2.82,0.0,0.89,0.87,2098966.15,7627288.62,143.51,1,32,13,13572.27,7.3,0.9,218710.64
green,None,None,None,compute-11-18,4.74,13.0,5.74,0.01,0.88,0.89,1104365.54,2538204.0,35.13,1,16,13,4003.13,3.3,0.92,98258.06
green,None,None,None,compute-8-38,7.93,10.0,5.31,0.08,0.9,0.91,1079781.23,2538204.0,35.13,1,16,13,3988.64,8.3,0.84,227441.67
green,None,None,None,compute-8-39,9.6,12.0,5.82,0.05,1.0,1.04,1245263.33,2749721.0,38.06,1,16,12,4419.17,12.3,0.96,224239.36
green,None,None,None,compute-11-17,8.34,13.0,6.13,0.02,1.0,1.01,967309.85,2538204.0,35.13,1,16,13,3666.97,6.3,1.0,101357.78
green,None,None,None,compute-11-16,2.34,14.0,5.86,0.02,1.0,1.0,1208804.31,2538204.0,35.13,1,16,13,3978.55,9.3,0.99,239785.34
green,None,None,None,compute-22-40,3.56,12.0,5.77,0.01,0.94,0.94,1154789.85,2538204.0,35.13,1,16,13,3820.75,0.3,0.96,200198.36
red,None,None,None,compute-1-11,103.19,3.0,18.8,0.05,0.75,0.75,477760.0,2063829.0,120.4,2,4,4,3320.99,11.3,0.75,354226.93
red,None,None,None,compute-1-10,77.42,4.0,24.95,0.0,1.01,1.0,784498.0,2063829.0,120.4,2,4,4,3342.02,12.3,1.0,313988.1
red,None,None,None,compute-1-13,23.14,4.0,24.95,0.0,1.0,1.0,1141410.0,2063829.0,120.4,2,4,4,3690.59,16.3,1.0,402826.91
red,None,None,None,compute-1-12,175.3,4.0,24.77,0.0,1.02,1.0,577043.0,2063829.0,120.4,2,4,4,2944.86,16.3,1.03,435654.38
red,None,None,None,compute-1-15,14.54,4.0,24.7,0.0,1.0,1.0,889473.0,2063829.0,120.4,2,4,4,3506.78,8.3,1.0,290290.88
red,None,None,None,compute-1-14,18.31,4.0,24.68,0.03,1.02,1.0,827129.0,2063829.0,120.4,2,4,4,3369.59,11.3,1.01,303218.36
red,None,None,None,compute-1-17,18.55,4.0,24.88,0.0,1.0,1.0,980557.0,2063829.0,120.4,2,4,4,3496.84,5.3,1.01,500578.26
red,None,None,None,compute-1-16,19.83,4.0,24.93,0.0,1.01,1.01,825608.0,2063829.0,120.4,2,4,4,3478.49,11.3,1.04,330816.76
red,None,None,None,compute-5-15,20.83,4.0,24.95,0.0,1.04,1.01,979557.0,2063829.0,120.4,2,4,4,3498.59,6.3,1.04,312864.73
red,None,None,None,compute-5-14,20.65,4.0,24.9,0.0,1.02,1.0,917912.0,2063829.0,120.4,2,4,4,3556.73,14.3,1.03,344783.46
green,None,None,None,compute-12-8,14.2,11.0,5.73,0.02,0.95,0.97,566840.33,2060647.67,38.75,2,12,12,2808.83,9.3,0.93,196798.32
red,None,None,None,compute-5-16,11.31,5.0,19.25,0.13,0.95,0.96,1030131.0,2063829.0,120.4,2,4,4,3726.77,6.3,0.88,376602.74
red,None,None,None,compute-5-11,10.15,4.0,24.93,0.0,1.03,1.01,983203.0,2063829.0,120.4,2,4,4,3503.78,4.3,1.05,386120.12
red,None,None,None,compute-5-10,96.89,5.0,24.82,0.05,1.03,1.01,413463.0,2063829.0,120.4,2,4,4,2862.24,5.3,1.02,321703.81
red,None,None,None,compute-5-13,57.46,4.0,24.93,0.0,1.01,1.0,401138.0,2063829.0,120.4,2,4,4,2895.49,10.3,1.04,401237.09
red,None,None,None,compute-5-12,31.87,2.0,12.8,0.05,0.61,0.69,640556.0,2063829.0,76.1,2,4,4,3174.34,11.3,0.5,345119.48
cyan,None,None,None,compute-12-2,21.77,0.0,0.0,0.0,0.02,0.0,1153780.0,24727772.0,465.001,1,12,0,49903.32,2.3,0.02,528712.37
green,None,None,None,compute-12-3,21.55,12.0,5.68,0.04,0.91,0.91,555318.0,2060647.67,38.75,2,12,12,2712.41,19.3,0.93,179061.44
cyan,None,None,None,compute-12-1,17.54,0.0,0.0,0.0,0.0,0.0,1666356.0,24727772.0,465.001,1,12,0,49906.63,31.3,0.00,543526.76
green,None,None,None,compute-12-6,8.49,9.0,5.06,0.03,0.83,0.85,663554.67,2060647.67,38.75,2,12,12,3410.62,11.3,0.82,186457.46
green,None,None,None,compute-12-7,9.22,12.0,6.27,0.01,1.0,0.99,763901.0,2060647.67,38.75,2,12,12,2999.67,11.3,1.0,188457.51
green,None,None,None,compute-12-4,22.94,13.0,6.24,0.02,1.02,1.01,591192.67,2060647.67,38.75,2,12,12,2749.48,11.3,1.0,180807.39
green,None,None,None,compute-12-5,5.79,11.0,6.17,0.02,0.98,0.98,689431.0,2060647.67,38.75,2,12,12,3140.87,3.3,0.99,226980.05
green,None,None,None,compute-12-27,19.09,10.0,5.67,0.03,0.89,0.89,599354.67,2060647.67,38.75,2,12,12,2822.89,10.3,0.88,191252.43
green,None,None,None,compute-12-26,10.99,12.0,6.25,0.03,1.0,0.99,668699.33,2060647.67,38.75,2,12,12,2851.91,11.3,1.0,167984.6
green,None,None,None,compute-12-18,9.09,11.0,5.48,0.07,0.9,0.9,739408.67,2060647.67,38.75,2,12,12,3189.06,13.3,0.88,185801.59
yellow,None,None,None,compute-19-37,1.71,11.0,2.88,0.0,0.91,0.89,3569197.0,8257556.0,155.48,1,32,12,14309.83,9.3,0.92,271064.59
yellow,None,None,None,compute-19-36,1.73,14.0,3.11,0.0,1.0,0.97,3561706.33,8257556.0,155.48,1,32,12,14286.98,7.3,1.0,296563.4
green,None,None,None,compute-12-10,14.05,11.0,5.69,0.02,0.93,0.92,589320.0,2060647.67,38.75,2,12,12,2756.27,18.3,0.92,164138.73
green,None,None,None,compute-12-11,6.47,12.0,6.11,0.06,0.98,0.98,797944.33,2060647.67,38.75,2,12,12,2959.89,13.3,0.98,185521.31
green,None,None,None,compute-12-12,8.75,12.0,6.08,0.07,0.97,0.95,787925.67,2060647.67,38.75,2,12,12,2957.77,15.3,0.99,176004.44
green,None,None,None,compute-12-13,9.69,11.0,5.77,0.01,0.92,0.92,677985.67,2060647.67,38.75,2,12,12,2967.2,9.3,0.93,178762.58
green,None,None,None,compute-12-14,8.82,9.0,4.62,0.02,0.76,0.79,766959.33,2060647.67,38.75,2,12,12,3228.48,6.3,0.76,239705.69
green,None,None,None,compute-12-15,9.85,12.0,6.2,0.03,1.0,1.0,675313.0,2060647.67,38.75,2,12,12,2966.16,5.3,0.99,177137.62
green,None,None,None,compute-12-16,23.53,12.0,5.94,0.13,0.9,0.94,507317.67,2060647.67,38.75,2,12,12,2977.67,12.3,0.98,194713.63
green,None,None,None,compute-12-17,10.78,12.0,6.25,0.01,1.0,1.0,824762.0,2060647.67,38.75,2,12,12,2994.44,9.3,1.01,206795.21
yellow,None,None,None,compute-20-37,1.57,6.0,1.72,0.01,0.65,0.65,2840467.67,8257556.0,155.48,1,32,12,14671.51,8.3,0.57,298866.77
yellow,None,None,None,compute-20-36,2.07,9.0,2.77,0.0,0.98,0.97,3797310.0,9909067.2,186.57,1,32,10,17748.21,9.3,0.86,361524.43
yellow,None,None,None,compute-20-35,1.6,10.0,2.59,0.0,0.83,0.83,2697072.0,8257556.0,155.48,1,32,12,14691.19,11.3,0.83,280932.4
yellow,None,None,None,compute-20-39,1.78,10.0,2.6,0.0,0.86,0.85,2909754.33,8257556.0,155.48,1,32,12,14674.65,4.3,0.83,253880.31
yellow,None,None,None,compute-20-38,4.08,11.0,2.84,0.0,0.92,0.9,2992141.67,8257556.0,155.48,1,32,12,14696.18,8.3,0.91,337118.32
yellow,None,None,None,compute-23-39,1.72,11.0,2.87,0.02,0.85,0.81,3332237.0,8257556.0,155.48,1,32,12,14722.4,6.3,0.81,272151.65
yellow,None,None,None,compute-23-32,1.34,12.0,2.78,0.0,0.89,0.9,2633661.85,7627288.62,143.51,1,32,13,13498.18,10.3,0.9,201318.15
yellow,None,None,None,compute-4-26,3.93,11.0,2.93,0.0,0.98,0.99,2150967.33,8262896.0,155.47,1,32,12,15126.34,7.3,0.94,309679.86
yellow,None,None,None,compute-23-30,1.3,12.0,2.69,0.01,0.89,0.85,2953418.46,7627288.62,143.51,1,32,13,13427.59,13.3,0.87,166391.47
green,None,None,None,compute-12-23,16.29,12.0,6.25,0.01,1.0,0.99,944801.33,2060647.67,38.75,2,12,12,3106.74,14.3,1.01,206118.56
green,None,None,None,compute-12-22,4.19,11.0,5.25,0.02,0.87,0.88,898827.0,2060647.67,38.75,2,12,12,3074.14,4.3,0.87,189731.54
green,None,None,None,compute-12-25,43.11,11.0,5.53,0.04,0.87,0.86,616837.33,2060647.67,38.75,2,12,12,3117.38,11.3,0.92,193730.49
green,None,None,None,compute-12-24,6.13,12.0,6.26,0.01,1.0,0.99,967865.67,2060647.67,38.75,2,12,12,3138.72,10.3,1.0,160053.46
yellow,None,None,None,compute-19-39,1.71,10.0,2.63,0.0,0.84,0.8,3359237.67,8257556.0,155.48,1,32,12,14583.25,10.3,0.85,318518.83
yellow,None,None,None,compute-19-38,1.56,10.0,2.77,0.0,0.86,0.83,2732990.0,8257563.33,155.48,1,32,12,15072.56,8.3,0.81,580684.43
green,None,None,None,compute-12-29,18.8,12.0,5.83,0.01,0.94,0.96,718927.33,2060647.67,38.75,2,12,12,3005.03,15.3,0.94,235107.89
green,None,None,None,compute-12-28,8.72,12.0,6.23,0.01,0.99,0.98,698535.33,2060647.67,38.75,2,12,12,3082.75,11.3,0.99,168365.87
yellow,None,None,None,compute-19-35,1.55,11.0,2.81,0.01,0.88,0.83,3558973.0,8257556.0,155.48,1,32,12,14425.22,13.3,0.91,259600.36
yellow,None,None,None,compute-9-27,1.33,14.0,3.09,0.0,0.99,0.96,2729107.69,7627288.62,143.51,1,32,13,13301.24,9.3,0.99,174794.12
green,None,None,None,compute-21-40,3.02,12.0,6.25,0.01,1.12,1.1,1073463.0,2749721.0,38.06,1,16,12,4307.53,9.3,1.05,133747.75
yellow,None,None,None,compute-9-28,1.46,10.0,2.4,0.0,0.83,0.87,2014704.62,7627288.62,143.51,1,32,13,13677.27,11.3,0.79,236618.4
yellow,None,None,None,compute-9-29,1.34,14.0,2.86,0.01,0.89,0.88,2396723.69,7627288.62,143.51,1,32,13,13430.22,1.3,0.92,409137.23
green,None,None,None,compute-11-40,4.11,14.0,6.19,0.04,0.97,0.99,1234572.0,2538204.0,35.13,1,16,13,3858.91,11.3,0.98,107659.93
green,None,None,None,compute-21-38,2.95,12.0,6.34,0.06,1.03,1.03,1193327.67,2749721.0,38.06,1,16,12,4272.89,12.3,1.02,249421.68
green,None,None,None,compute-21-39,1.45,13.0,5.97,0.04,0.95,0.95,1140496.92,2538204.0,35.13,1,16,13,4145.03,6.3,0.95,249137.57
green,None,None,None,compute-21-30,7.03,12.0,5.87,0.04,0.94,0.94,1032716.62,2538204.0,35.13,1,16,13,4110.59,0.3,0.96,231941.38
green,None,None,None,compute-21-33,5.05,10.0,6.67,0.02,1.15,1.15,1025074.55,2999695.64,41.52,1,16,11,4928.02,5.3,1.0,241426.62
green,None,None,None,compute-21-34,9.13,13.0,5.89,0.04,0.98,0.95,758517.71,2356903.71,32.62,1,16,14,3594.62,6.3,0.96,229337.06
green,None,None,None,compute-21-35,2.3,12.0,5.78,0.02,0.98,0.98,1025347.69,2538204.0,35.13,1,16,13,3925.17,5.3,0.95,200521.48
green,None,None,None,compute-21-36,5.43,13.0,6.18,0.01,1.0,0.98,1115058.46,2538204.0,35.13,1,16,13,3733.98,6.3,1.01,138686.73
green,None,None,None,compute-21-37,2.59,12.0,6.79,0.03,1.14,1.11,1135479.33,2749721.0,38.06,1,16,12,4129.24,10.3,1.07,209601.7
red,None,None,None,compute-5-28,15.04,4.0,24.93,0.0,1.02,1.0,1033053.0,2063829.0,120.4,2,4,4,3552.69,5.3,1.05,320050.49
red,None,None,None,compute-5-29,219.08,4.0,24.93,0.0,1.02,1.0,530032.0,2063829.0,120.4,2,4,4,3580.43,8.3,1.02,377366.93
red,None,None,None,compute-5-24,16.28,4.0,24.88,0.0,1.01,1.0,789846.0,2063829.0,120.4,2,4,4,3333.96,9.3,1.03,354674.38
red,None,None,None,compute-5-25,21.55,4.0,24.93,0.0,1.01,1.0,748864.0,2063829.0,120.4,2,4,4,3273.38,8.3,1.03,392090.41
red,None,None,None,compute-5-26,12.18,4.0,24.88,0.0,1.02,1.0,1162887.0,2063829.0,120.4,2,4,4,3684.43,6.3,1.04,378357.02
red,None,None,None,compute-5-27,23.63,4.0,24.95,0.0,1.01,1.0,650794.0,2063829.0,120.4,2,4,4,3958.98,38.3,1.02,349956.22
red,None,None,None,compute-5-23,10.24,4.0,24.98,0.0,1.0,1.0,840287.0,2063829.0,120.4,2,4,4,3388.39,4.3,1.03,333278.9
red,None,None,None,compute-13-18,42.22,3.0,18.55,0.25,0.75,0.75,670843.0,2063829.0,120.4,2,4,4,3288.73,40.3,0.76,326162.08
red,None,None,None,compute-13-13,15.95,4.0,24.95,0.0,1.0,1.0,830814.0,2063829.0,120.4,2,4,4,3356.41,0.3,1.0,311176.27
red,None,None,None,compute-13-12,11.16,4.0,24.98,0.0,1.0,1.0,1172345.0,2063829.0,120.4,2,4,4,3905.78,38.3,1.0,427382.66
red,None,None,None,compute-13-11,55.62,4.0,23.98,0.35,1.03,1.02,368557.0,2063829.0,120.4,2,4,4,2860.54,12.3,1.06,348936.11
red,None,None,None,compute-13-10,85.08,4.0,24.95,0.0,1.02,1.0,870659.0,2063829.0,120.4,2,4,4,3704.86,37.3,1.03,369687.92
red,None,None,None,compute-13-17,7.92,4.0,24.95,0.0,1.01,0.99,1031416.0,2063829.0,120.4,2,4,4,3928.35,42.3,1.0,294833.86
red,None,None,None,compute-13-16,63.52,4.0,24.93,0.0,1.01,1.0,377257.0,2063829.0,120.4,2,4,4,2990.78,4.3,1.0,365328.31
red,None,None,None,compute-13-15,13.55,4.0,24.8,0.0,1.03,1.0,950184.0,2063829.0,120.4,2,4,4,4125.85,43.3,1.08,360521.88
red,None,None,None,compute-13-14,17.47,4.0,24.95,0.0,1.01,1.0,788543.0,2063829.0,120.4,2,4,4,3729.4,7.3,1.0,323766.51
red,None,None,None,compute-14-15,12.15,4.0,24.73,0.0,1.01,1.0,845030.0,2063829.0,120.4,2,4,4,3795.8,9.3,1.08,349999.64
green,None,None,None,compute-22-39,8.72,13.0,6.22,0.02,1.03,1.0,1132716.62,2538204.0,35.13,1,16,13,3746.93,13.3,1.03,122354.76
green,None,None,None,compute-22-38,3.84,17.0,5.39,0.02,0.93,0.94,887425.54,2538204.0,35.13,1,16,13,3887.82,4.3,0.91,98828.11
green,None,None,None,compute-22-30,3.93,13.0,5.95,0.03,1.0,0.98,1096905.23,2538204.0,35.13,1,16,13,3883.17,4.3,0.99,103180.56
green,None,None,None,compute-22-33,2.69,13.0,6.24,0.02,1.0,1.0,1185175.08,2538204.0,35.13,1,16,13,3805.92,12.3,0.99,103688.93
green,None,None,None,compute-22-35,8.77,14.0,5.88,0.02,0.97,0.99,997319.67,2749721.0,38.06,1,16,12,4381.35,8.3,0.95,129698.05
green,None,None,None,compute-22-34,5.34,14.0,6.22,0.03,1.01,0.99,1119126.15,2538204.0,35.13,1,16,13,3724.43,11.3,1.01,105626.41
green,None,None,None,compute-22-37,6.33,12.0,5.7,0.02,0.92,0.93,1138766.77,2538204.0,35.13,1,16,13,3758.22,7.3,0.94,92600.49
green,None,None,None,compute-22-36,5.24,12.0,5.73,0.02,0.93,0.93,1101412.31,2538204.0,35.13,1,16,13,3855.23,3.3,0.97,82570.88
green,None,None,None,compute-7-17,22.47,13.0,5.78,0.02,0.97,0.99,1103606.46,2538204.0,35.13,1,16,13,3928.36,16.3,0.94,99697.24
green,None,None,None,compute-7-16,6.66,13.0,6.25,0.01,1.05,1.04,1084437.85,2538204.0,35.13,1,16,13,3711.12,9.3,1.02,258322.41
green,None,None,None,compute-7-18,2.84,12.0,5.77,0.02,0.95,0.95,1040498.46,2538204.0,35.13,1,16,13,3829.41,3.3,0.93,115242.18
red,None,None,None,compute-5-17,12.19,4.0,24.88,0.03,1.02,1.0,773540.0,2063829.0,120.4,2,4,4,3315.59,2.3,1.02,343661.3
red,None,None,None,compute-14-18,44.5,4.0,24.98,0.0,1.0,1.0,583644.0,2063829.0,120.4,2,4,4,3337.18,5.3,1.02,364568.7
red,None,None,None,compute-14-12,14.07,4.0,24.88,0.0,1.0,1.0,747599.0,2063829.0,120.4,2,4,4,3280.22,8.3,1.0,388767.49
red,None,None,None,compute-14-13,14.96,4.0,24.88,0.0,1.03,1.01,1129566.0,2063829.0,120.4,2,4,4,3867.3,10.3,1.06,368057.84
red,None,None,None,compute-14-10,13.78,4.0,24.88,0.0,1.01,1.0,1172603.0,2063829.0,120.4,2,4,4,3691.89,7.3,1.04,425260.37
red,None,None,None,compute-14-11,21.38,4.0,24.88,0.03,1.0,1.01,708185.0,2063829.0,120.4,2,4,4,3279.78,8.3,1.01,372174.17
red,None,None,None,compute-14-16,22.73,3.0,19.0,0.03,0.9,0.95,744264.0,2063829.0,120.4,2,4,4,3611.74,3.3,0.8,383790.8
red,None,None,None,compute-14-17,10.77,4.0,21.07,0.03,0.86,0.84,634027.0,2063829.0,120.4,2,4,4,3192.43,12.3,0.82,391132.48
red,None,None,None,compute-14-14,12.75,3.0,19.05,0.05,0.79,0.76,694375.0,2063829.0,120.4,2,4,4,3342.47,3.3,0.81,389991.71
red,None,None,None,compute-5-18,113.5,3.0,18.75,0.03,0.77,0.76,588766.0,2063829.0,120.4,2,4,4,3203.72,3.3,0.77,401982.75
green,None,None,None,compute-21-8,5.21,12.0,6.23,0.03,1.06,1.07,1194769.0,2749721.0,38.06,1,16,12,4216.2,10.3,1.03,132353.38
green,None,None,None,compute-21-1,6.66,12.0,5.82,0.02,1.03,1.03,903519.08,2538204.0,35.13,1,16,13,3886.9,6.3,1.02,278884.8
green,None,None,None,compute-21-2,3.96,13.0,5.67,0.01,1.0,1.0,1159936.92,2538204.0,35.13,1,16,13,3910.51,6.3,1.0,97598.12
green,None,None,None,compute-21-3,9.0,13.0,5.73,0.08,1.01,1.01,1115323.08,2538204.0,35.13,1,16,13,3885.98,41.3,0.98,107315.71
green,None,None,None,compute-21-4,7.02,13.0,6.26,0.01,1.03,1.02,695355.69,2538204.0,35.13,1,16,13,3987.9,9.3,1.01,250823.25
green,None,None,None,compute-21-5,4.53,13.0,6.25,0.01,1.03,1.01,1037535.08,2538204.0,35.13,1,16,13,3675.97,7.3,1.03,207064.62
green,None,None,None,compute-21-6,5.52,12.0,6.63,0.01,1.09,1.1,1259961.67,2749721.0,38.06,1,16,12,4347.48,40.3,1.03,110809.64
green,None,None,None,compute-21-7,5.63,12.0,5.68,0.02,1.0,0.99,939363.69,2538204.0,35.13,1,16,13,3745.21,45.3,0.9,107553.26
yellow,None,None,None,compute-4-30,1.73,13.0,3.13,0.0,0.99,0.96,1878939.08,7627288.62,143.51,1,32,13,13412.8,10.3,1.01,260195.02
green,None,None,None,compute-18-14,4.75,13.0,6.05,0.08,0.96,0.98,1073606.46,2538204.0,35.13,1,16,13,4115.98,11.3,1.01,103460.85
yellow,None,None,None,compute-23-27,1.63,10.0,3.08,0.01,0.96,0.98,2821943.0,8262897.33,155.47,1,32,12,14698.65,9.3,0.88,191205.16
yellow,None,None,None,compute-23-26,1.59,11.0,2.9,0.0,1.0,1.02,3271859.67,8262896.0,155.47,1,32,12,14356.57,3.3,0.94,194455.76
green,None,None,None,compute-12-37,5.07,12.0,6.17,0.04,0.96,0.95,1167003.0,2749721.0,38.06,2,12,12,4289.63,13.3,0.98,207650.97
green,None,None,None,compute-12-38,7.81,12.0,6.23,0.02,0.95,0.96,1303165.33,2749721.0,38.06,2,12,12,4504.58,12.3,0.97,179759.43
green,None,None,None,compute-21-11,7.99,13.0,5.67,0.03,0.93,0.94,1151948.0,2538204.0,35.13,1,16,13,4014.05,37.3,0.93,101267.22
red,None,None,None,compute-5-39,67.19,4.0,24.93,0.0,1.03,1.01,522750.0,2063829.0,120.4,2,4,4,3006.58,4.3,1.04,407584.72
red,None,None,None,compute-5-38,14.81,4.0,24.7,0.0,1.0,0.96,1024037.0,2063829.0,120.4,2,4,4,3592.36,8.3,1.02,323936.22
cyan,None,None,None,compute-5-37,0.0,3.0,3.3,18.5,0.11,0.04,162040.0,8255316.0,481.606,4,4,0,17848.04,20.3,0.00,1437.42
red,None,None,None,compute-5-36,58.47,3.0,18.73,0.03,0.79,0.76,688458.0,2063829.0,120.4,2,4,4,3284.24,11.3,0.79,416078.72
red,None,None,None,compute-5-35,30.73,4.0,24.93,0.0,1.02,1.01,507783.0,2063829.0,120.4,2,4,4,3549.96,12.3,1.02,364032.77
red,None,None,None,compute-5-34,44.69,4.0,24.93,0.0,1.03,0.99,778041.0,2063829.0,120.4,2,4,4,3274.81,6.3,1.05,445794.66
red,None,None,None,compute-5-33,53.45,2.0,12.53,0.03,0.52,0.51,623780.0,2063829.0,120.4,2,4,4,3121.87,6.3,0.51,523151.14
red,None,None,None,compute-5-32,4.05,4.0,23.95,0.0,1.01,1.0,1146279.0,2063829.0,120.4,2,4,4,3883.5,7.3,1.03,507997.78
red,None,None,None,compute-5-30,46.71,3.0,18.8,0.03,0.78,0.76,725869.0,2063829.0,120.4,2,4,4,3256.7,8.3,0.77,405600.89
green,None,None,None,compute-22-3,7.87,12.0,5.65,0.11,0.9,0.92,1256217.23,2538204.0,35.13,1,16,13,3827.27,2.3,0.93,146706.85
yellow,None,None,None,compute-18-35,1.53,11.0,2.61,0.0,0.83,0.81,3342918.0,8257563.33,155.48,1,32,12,14510.16,10.3,0.84,251907.6
green,None,None,None,compute-22-1,5.04,12.0,6.47,0.06,1.01,1.02,1289171.67,2749721.0,38.06,1,16,12,4509.66,4.3,1.0,114849.23
yellow,None,None,None,compute-18-37,1.58,9.0,2.33,0.0,0.79,0.76,3020620.67,8257556.0,155.48,1,32,12,14549.63,2.3,0.78,287441.6
green,None,None,None,compute-22-7,6.93,13.0,5.58,0.09,0.85,0.91,1132370.77,2538204.0,35.13,1,16,13,4087.0,8.3,0.87,109618.17
green,None,None,None,compute-22-6,11.37,10.0,5.41,0.02,1.0,1.01,999519.0,2749721.0,38.06,1,16,12,4401.89,2.3,0.9,302103.87
green,None,None,None,compute-22-5,2.8,11.0,5.72,0.01,0.94,0.96,1223676.62,2538204.0,35.13,1,16,13,4059.71,14.3,0.9,80509.34
green,None,None,None,compute-22-4,2.12,12.0,5.64,0.07,0.9,0.94,1172409.23,2538204.0,35.13,1,16,13,4056.25,5.3,0.89,224492.59
green,yellow,None,None,compute-22-8,5.62,8.0,3.93,0.02,0.71,0.75,375052.67,2749721.0,38.06,1,16,12,4833.45,11.3,0.64,109505.17
yellow,None,None,None,compute-18-38,4.33,11.0,3.07,0.0,1.06,1.05,3614869.82,9008242.91,169.61,1,32,11,15848.88,12.3,1.03,327326.4
yellow,None,None,None,compute-18-39,1.6,10.0,2.57,0.0,0.83,0.82,2799692.67,8257556.0,155.48,1,32,12,14845.51,5.3,0.83,293471.4
yellow,None,None,None,compute-20-15,1.44,12.0,2.88,0.0,0.91,0.85,3280499.38,7622359.38,143.52,1,32,13,12933.57,7.3,0.92,249143.81
yellow,None,None,None,compute-20-17,1.71,12.0,2.75,0.01,0.88,0.88,3562515.33,8257556.0,155.48,1,32,12,14760.02,8.3,0.86,304461.18
yellow,None,None,None,compute-20-16,1.57,11.0,2.85,0.0,0.97,0.96,3052192.67,8257556.0,155.48,1,32,12,14765.44,9.3,0.94,241144.21
yellow,None,None,None,compute-20-18,1.47,11.0,2.78,0.0,0.88,0.9,3189113.33,8257556.0,155.48,1,32,12,14538.88,13.3,0.85,357992.49
yellow,None,None,None,compute-9-25,1.32,12.0,2.88,0.0,0.92,0.86,2453150.46,7627288.62,143.51,1,32,13,13488.65,8.3,0.93,215186.39
red,None,None,None,compute-2-38,86.3,4.0,24.98,0.0,1.0,1.0,591022.0,2063829.0,120.4,2,4,4,3406.26,10.3,1.0,346588.84
red,None,None,None,compute-2-39,30.0,3.0,18.82,0.05,0.77,0.76,915597.0,2063829.0,120.4,2,4,4,3708.62,8.3,0.75,279978.1
red,None,None,None,compute-2-36,62.12,4.0,24.95,0.0,1.01,1.0,909615.0,2063829.0,120.4,2,4,4,3616.18,2.3,1.02,478102.88
red,None,None,None,compute-2-37,40.24,4.0,24.95,0.0,1.01,1.0,841568.0,2063829.0,120.4,2,4,4,3932.69,14.3,1.01,262308.1
red,None,None,None,compute-2-34,14.45,4.0,24.98,0.0,1.01,1.0,866621.0,2063829.0,120.4,2,4,4,3930.23,10.3,1.01,326793.97
red,None,None,None,compute-2-35,14.94,4.0,24.95,0.0,1.02,1.0,955497.0,2063829.0,120.4,2,4,4,3497.07,15.3,1.03,353149.35
red,None,None,None,compute-2-32,49.18,2.0,15.78,0.05,0.54,0.53,979166.0,2063829.0,120.4,2,4,4,3581.94,12.3,0.57,363940.21
red,None,None,None,compute-2-33,45.99,3.0,18.8,0.05,0.76,0.76,842283.0,2063829.0,120.4,2,4,4,3479.53,5.3,0.75,357825.79
red,None,None,None,compute-2-30,15.24,4.0,24.93,0.0,1.03,1.0,754049.0,2063829.0,120.4,2,4,4,3548.6,7.3,1.04,378427.31
red,None,None,None,compute-6-32,13.31,4.0,24.85,0.0,1.01,1.0,784681.0,2063829.0,120.4,2,4,4,3346.93,8.3,1.03,383378.03
red,None,None,None,compute-6-33,15.16,4.0,24.93,0.0,1.0,1.0,578298.0,2063829.0,120.4,2,4,4,3502.38,8.3,1.0,331493.61
red,None,None,None,compute-6-30,30.42,4.0,24.93,0.0,1.0,1.0,547397.0,2063829.0,120.4,2,4,4,3075.41,11.3,1.0,355188.79
red,None,None,None,compute-6-36,115.56,4.0,24.93,0.0,1.0,1.0,438120.0,2063829.0,120.4,2,4,4,2888.61,6.3,1.0,483556.17
cyan,None,None,None,compute-6-37,0.0,0.0,0.0,0.0,0.0,0.0,2315424.0,8255316.0,481.606,4,4,0,17808.02,20.3,0.00,1789.91
red,None,None,None,compute-6-34,33.88,3.0,18.73,0.05,0.76,0.76,909044.0,2063829.0,120.4,2,4,4,3546.29,7.3,0.75,425623.6
red,None,None,None,compute-6-35,15.51,3.0,18.98,0.05,0.92,0.97,1055618.0,2063829.0,120.4,2,4,4,3782.69,6.3,0.77,431905.04
red,None,None,None,compute-6-38,17.86,5.0,15.78,0.05,0.75,0.87,867751.0,2063829.0,120.4,2,4,4,4205.92,9.3,0.64,322770.38
red,None,None,None,compute-6-39,13.69,4.0,24.88,0.0,1.01,0.99,456048.0,2063829.0,120.4,2,4,4,2968.79,3.3,1.01,372562.22
yellow,None,None,None,compute-9-26,1.46,12.0,3.11,0.0,1.05,1.01,2643798.0,8262896.0,155.47,1,32,12,14546.29,7.3,1.02,229647.82
green,None,None,None,compute-21-12,2.93,11.0,6.23,0.03,1.06,1.06,1058542.33,2749721.0,38.06,1,16,12,4245.15,28.3,1.01,144446.6
green,None,None,None,compute-21-13,1.9,12.0,6.48,0.02,1.06,1.06,1471557.33,2749721.0,38.06,1,16,12,4442.27,8.3,1.03,122798.24
yellow,None,None,None,compute-23-16,1.56,11.0,2.6,0.01,0.83,0.8,2862990.46,7622359.38,143.52,1,32,13,13498.27,10.3,0.84,247510.75
yellow,None,None,None,compute-23-17,4.02,12.0,2.88,0.0,0.91,0.88,2471960.31,7622359.38,143.52,1,32,13,13466.15,8.3,0.94,211059.68
green,None,None,None,compute-21-16,4.32,13.0,5.68,0.03,0.92,0.94,1064041.85,2538204.0,35.13,1,16,13,3887.82,5.3,0.93,108911.1
green,None,None,None,compute-21-17,6.06,12.0,6.18,0.02,1.04,1.01,1052547.69,2538204.0,35.13,1,16,13,3930.54,2.3,0.94,108428.86
green,None,None,None,compute-21-14,3.46,12.0,6.06,0.02,1.02,1.05,1103050.67,2749721.0,38.06,1,16,12,4144.02,26.3,0.98,95166.65
green,None,None,None,compute-21-15,6.05,12.0,6.23,0.02,1.05,1.04,1261785.67,2749721.0,38.06,1,16,12,4272.99,29.3,0.99,115939.67
green,None,None,None,compute-21-18,3.54,12.0,5.89,0.01,1.01,1.0,1066174.15,2538204.0,35.13,1,16,13,3779.15,35.3,0.97,102080.99
yellow,None,None,None,compute-23-18,3.87,13.0,3.12,0.0,0.99,0.95,3019787.08,7622359.38,143.52,1,32,13,13393.83,10.3,1.0,225639.06
green,None,None,None,compute-8-18,14.46,12.0,5.76,0.02,0.94,0.93,1163370.77,2538204.0,35.13,1,16,13,3914.54,10.3,0.92,99779.31
green,None,None,None,compute-8-16,25.63,12.0,5.73,0.02,0.89,0.88,890338.77,2538204.0,35.13,1,16,13,3520.8,5.3,0.91,98389.54
green,None,None,None,compute-8-17,3.34,13.0,6.05,0.02,1.01,1.0,1194065.23,2538204.0,35.13,1,16,13,3831.55,10.3,1.01,249812.81
green,None,None,None,compute-11-39,5.51,11.0,5.27,0.04,0.82,0.86,717998.77,2538204.0,35.13,1,16,13,4025.46,7.3,0.87,120359.56
green,None,None,None,compute-11-38,10.84,16.0,6.27,0.08,0.96,0.98,1029435.08,2538204.0,35.13,1,16,13,3883.47,11.3,1.02,208822.27
green,None,None,None,compute-22-28,1.63,12.0,5.68,0.03,0.91,0.92,1140286.77,2538204.0,35.13,1,16,13,4006.42,6.3,0.94,114655.55
green,None,None,None,compute-22-29,5.45,12.0,5.76,0.01,0.94,0.94,1128145.23,2538204.0,35.13,1,16,13,3748.65,38.3,0.94,101715.32
green,None,None,None,compute-22-23,4.83,9.0,5.6,0.02,1.0,1.04,1192602.18,2999695.64,41.52,1,16,11,4917.72,10.3,0.91,127633.12
green,None,None,None,compute-22-26,3.06,15.0,6.02,0.03,0.94,0.93,1200000.92,2538204.0,35.13,1,16,13,3859.55,43.3,0.95,99367.2
green,None,None,None,compute-22-27,3.77,13.0,6.11,0.09,0.96,0.96,1260756.0,2538204.0,35.13,1,16,13,3880.94,43.3,0.98,114647.25
green,None,None,None,compute-22-24,3.65,14.0,5.94,0.08,0.98,0.97,1235639.38,2538204.0,72.99,1,16,13,3888.43,5.3,1.0,114394.61
green,None,None,None,compute-22-25,4.45,13.0,5.66,0.1,0.92,0.93,1042288.31,2538204.0,35.13,1,16,13,3670.81,14.3,0.93,111764.87
red,None,None,None,compute-13-8,13.34,4.0,24.95,0.0,1.0,1.0,1199344.0,2063829.0,120.4,2,4,4,3761.85,41.3,1.0,336160.37
red,None,None,None,compute-13-7,12.89,4.0,24.98,0.0,1.0,1.0,744826.0,2063829.0,120.4,2,4,4,3702.68,2.3,0.99,272357.82
green,None,None,None,compute-19-13,6.07,13.0,6.2,0.02,0.97,0.98,1035989.23,2538204.0,35.13,1,16,13,3810.98,4.3,0.99,199076.62
green,None,None,None,compute-19-15,6.99,14.0,5.88,0.02,0.92,0.93,1185730.15,2538204.0,35.13,1,16,13,3894.42,9.3,0.93,249299.83
green,None,None,None,compute-19-14,4.59,13.0,6.28,0.05,0.95,0.94,1155730.15,2538204.0,35.13,1,16,13,3797.01,6.3,1.02,230601.5
green,None,None,None,compute-19-17,4.75,13.0,6.17,0.02,0.97,0.98,960461.54,2538204.0,35.13,1,16,13,4163.46,15.3,0.94,116590.45
green,None,None,None,compute-19-16,4.03,11.0,5.35,0.01,0.91,0.92,1077608.92,2538204.0,35.13,1,16,13,3931.54,37.3,0.89,88709.29
red,None,None,None,compute-13-3,16.18,4.0,24.98,0.0,1.01,1.0,696274.0,2063829.0,120.4,2,4,4,3416.45,42.3,1.0,358404.79
red,None,None,None,compute-14-27,7.44,4.0,24.98,0.0,1.01,1.0,945749.0,2063829.0,120.4,2,4,4,3731.87,9.3,1.01,379879.1
red,None,None,None,compute-14-26,10.61,4.0,24.9,0.0,1.02,1.0,679622.0,2063829.0,120.4,2,4,4,3210.41,12.3,1.04,332973.84
red,None,None,None,compute-14-25,19.66,4.0,24.85,0.0,1.02,1.01,739071.0,2063829.0,120.4,2,4,4,3258.01,8.3,1.04,354665.98
red,None,None,None,compute-14-24,34.01,4.0,24.73,0.07,1.02,1.01,540296.0,2063829.0,120.4,2,4,4,3053.36,11.3,1.07,404193.56
red,None,None,None,compute-14-23,15.62,4.0,24.98,0.0,1.0,1.0,761239.0,2063829.0,120.4,2,4,4,3764.8,3.3,1.02,345357.13
red,None,None,None,compute-14-36,43.57,3.0,20.3,2.58,1.16,1.04,371964.0,2063829.0,243.46,2,4,4,3541.49,9.3,0.96,352052.63
red,None,None,None,compute-14-29,42.0,4.0,24.93,0.03,1.03,1.01,795289.0,2063829.0,120.4,2,4,4,3294.97,9.3,1.06,328818.51
red,None,None,None,compute-14-28,109.92,4.0,21.25,2.13,1.08,1.04,433354.0,2063829.0,120.4,2,4,4,3136.86,11.3,1.14,403463.83
green,None,None,None,compute-18-16,2.76,13.0,5.72,0.05,0.86,0.86,1172752.0,2538204.0,35.13,1,16,13,4054.26,11.3,0.91,123649.56
red,None,None,None,compute-14-39,13.59,3.0,18.82,0.1,0.88,0.91,716883.0,2063829.0,181.93,2,4,4,3247.08,22.3,0.78,346902.07
green,None,None,None,compute-3-39,7.88,12.0,5.75,0.03,0.97,0.98,976936.62,2538204.0,35.13,1,16,13,3716.4,8.3,0.95,151158.79
green,None,None,None,compute-3-38,31.17,13.0,6.12,0.03,0.95,0.97,1012600.31,2538204.0,35.13,1,16,13,3618.82,10.3,0.98,116046.29
red,None,None,None,compute-5-2,27.09,3.0,21.9,0.07,1.01,0.99,498850.0,2063829.0,120.4,1,4,4,3243.14,45.3,1.02,359047.72
red,None,None,None,compute-13-39,75.06,4.0,24.85,0.03,1.01,1.0,712530.0,2063829.0,120.4,2,4,4,3398.34,36.3,1.02,298069.55
red,None,None,None,compute-13-38,13.49,4.0,24.93,0.0,1.0,1.0,743265.0,2063829.0,120.4,2,4,4,3388.09,38.3,1.0,309600.54
red,None,None,None,compute-13-35,9.4,4.0,22.63,1.65,1.02,1.01,676332.0,2063829.0,120.4,2,4,4,3597.27,5.3,1.06,331728.55
red,None,None,None,compute-13-34,66.22,4.0,24.82,0.03,1.01,1.02,396274.0,2063829.0,120.4,2,4,4,2876.94,8.3,1.0,301494.07
red,None,None,None,compute-13-37,10.04,4.0,24.77,0.0,1.01,1.0,962417.0,2063829.0,120.4,2,4,4,3541.87,5.3,0.99,342329.94
red,None,None,None,compute-13-36,13.06,4.0,24.95,0.0,1.02,1.0,966949.0,2063829.0,120.4,2,4,4,3495.19,2.3,1.03,375006.35
red,None,None,None,compute-13-30,68.86,4.0,24.93,0.0,1.0,1.0,740685.0,2063829.0,120.4,2,4,4,3501.62,39.3,1.01,320930.84
red,None,None,None,compute-13-33,66.21,4.0,24.93,0.0,1.03,1.02,493780.0,2063829.0,120.4,2,4,4,2981.39,0.3,1.0,325240.54
red,None,None,None,compute-13-32,10.32,4.0,24.98,0.0,1.0,1.0,797298.0,2063829.0,120.4,2,4,4,3938.34,7.3,1.0,386463.95
green,None,None,None,compute-3-40,8.42,12.0,5.23,0.02,0.89,0.88,879891.38,2538204.0,35.13,1,16,13,3875.22,9.3,0.87,140813.09
red,None,None,None,compute-6-3,45.84,3.0,21.43,0.03,0.79,0.76,868980.0,2063829.0,120.4,2,4,4,3380.86,8.3,0.85,395111.68
red,None,None,None,compute-13-40,10.36,4.0,24.93,0.0,1.01,1.0,809232.0,2063829.0,120.4,2,4,4,3725.9,18.3,1.02,356200.03
yellow,None,None,None,compute-18-36,1.39,12.0,2.87,0.0,0.91,0.86,3293931.33,8257556.0,155.48,1,32,12,14490.89,5.3,0.92,604926.16
yellow,None,None,None,compute-23-29,1.51,13.0,2.82,0.01,0.89,0.88,2880667.38,7627288.62,143.51,1,32,13,13346.67,10.3,0.9,194628.17
yellow,None,None,None,compute-23-28,1.35,10.0,2.4,0.0,0.81,0.81,2679204.92,7627288.62,143.51,1,32,13,13625.32,7.3,0.84,262894.62
yellow,None,None,None,compute-23-25,1.38,12.0,2.92,0.0,0.92,0.91,2296591.08,7627288.62,143.51,1,32,13,13623.97,5.3,0.93,195795.57
yellow,None,None,None,compute-4-32,1.72,13.0,2.87,0.01,0.93,0.93,2999663.69,7627288.62,143.51,1,32,13,13266.97,5.3,0.93,185137.76
yellow,None,None,None,compute-4-33,1.52,11.0,2.46,0.01,0.8,0.8,2597044.31,7627288.62,143.51,1,32,13,13363.15,0.3,0.85,202006.23
yellow,None,None,None,compute-4-34,1.36,12.0,2.86,0.0,0.92,0.9,2607194.46,7627288.62,143.51,1,32,13,13262.2,12.3,0.93,172844.11
yellow,None,None,None,compute-4-35,1.32,12.0,2.66,0.0,0.87,0.86,2849068.92,7627288.62,143.51,1,32,13,13140.72,1.3,0.88,156180.23
yellow,None,None,None,compute-19-40,1.69,12.0,3.09,0.0,0.99,0.98,3423339.67,8257563.33,155.48,1,32,12,14575.57,10.3,0.99,229176.9
yellow,None,None,None,compute-18-40,1.64,10.0,2.52,0.01,0.85,0.84,2685609.0,8257556.0,155.48,1,32,12,14626.98,9.3,0.85,548593.95
red,None,None,None,compute-2-29,23.65,4.0,24.88,0.0,1.01,1.01,717997.0,2063829.0,120.4,2,4,4,3232.84,43.44,1.01,332562.25
cyan,None,None,None,compute-2-28,0.0,0.0,0.0,0.0,0.0,0.0,1485600.0,8255316.0,481.606,0,4,0,17866.45,807587.44,0.00,967.03
yellow,None,None,None,compute-9-30,1.45,12.0,3.07,0.0,0.99,1.0,2543487.0,8262896.0,155.47,1,32,12,14639.53,40.44,0.99,175410.6
yellow,None,None,None,compute-9-36,1.92,11.0,2.85,0.01,0.94,0.95,1982421.82,9008242.91,169.61,1,32,11,16784.97,33.44,0.91,256920.7
yellow,None,None,None,compute-9-35,3.46,12.0,3.12,0.0,1.03,1.04,2339437.33,8262896.0,155.47,1,32,12,14244.26,31.44,1.0,258183.12
yellow,None,None,None,compute-9-34,3.67,11.0,2.88,0.0,0.96,0.96,2038762.67,8262896.0,155.47,1,32,12,14794.08,43.44,0.94,182355.31
red,None,None,None,compute-2-23,37.24,4.0,24.9,0.0,1.0,1.0,999256.0,2063829.0,120.4,2,4,4,3495.19,41.44,1.0,267249.84
red,None,None,None,compute-2-25,17.15,4.0,24.07,0.0,1.02,1.0,1319587.0,2063829.0,120.4,2,4,4,3938.02,33.44,1.02,310875.31
red,None,None,None,compute-2-24,14.44,4.0,24.95,0.0,1.01,1.0,575858.0,2063829.0,120.4,2,4,4,3296.53,38.44,1.01,313857.21
red,None,None,None,compute-2-27,308.99,3.0,18.75,0.03,0.77,0.77,468840.0,2063829.0,120.4,2,4,4,2978.16,36.44,0.75,305369.6
red,None,None,None,compute-2-26,58.53,4.0,18.75,0.03,0.77,0.76,316345.0,2063829.0,120.4,2,4,4,2813.14,33.44,0.75,321782.43
red,None,None,None,compute-6-29,14.1,3.0,25.0,0.1,1.22,1.29,1042358.67,2751772.0,160.54,1,4,3,4472.08,38.44,1.04,505768.5
red,None,None,None,compute-6-28,51.69,3.0,18.73,0.1,0.75,0.73,481433.0,2063829.0,120.4,2,4,4,2992.73,38.44,0.76,389881.88
red,None,None,None,compute-6-25,13.99,3.0,18.98,0.05,0.81,0.86,635232.0,2063829.0,120.4,2,4,4,3171.9,34.44,0.77,281654.83
red,None,None,None,compute-6-24,16.27,4.0,24.93,0.0,1.01,1.0,990857.0,2063829.0,120.4,2,4,4,3696.98,39.44,1.02,400067.2
red,None,None,None,compute-6-27,13.99,4.0,23.63,0.03,0.97,0.94,743919.0,2063829.0,120.4,2,4,4,3272.57,36.44,1.02,347361.97
red,None,None,None,compute-6-26,58.4,3.0,18.75,0.03,0.76,0.75,464831.0,2063829.0,120.4,2,4,4,2956.36,35.44,0.75,369794.72
red,None,None,None,compute-6-23,35.37,3.0,18.77,0.05,0.76,0.75,866563.0,2063829.0,120.4,2,4,4,3544.27,34.44,0.76,381466.11
yellow,None,None,None,compute-9-33,1.36,12.0,2.89,0.0,0.99,0.97,2467929.54,7627288.62,143.51,1,32,13,13362.51,40.44,0.95,200207.88
yellow,None,None,None,compute-9-32,1.48,13.0,3.11,0.0,1.0,0.97,2025907.08,7627288.62,143.51,1,32,13,13309.24,40.44,1.01,189528.9
green,None,None,None,compute-22-17,16.83,13.0,5.9,0.07,0.98,0.96,855065.23,2538204.0,35.13,1,16,13,3534.07,38.44,0.97,108710.14
green,None,None,None,compute-22-16,5.26,13.0,5.87,0.01,0.95,0.94,1197892.0,2538204.0,35.13,1,16,13,3896.68,37.44,0.96,84930.86
green,None,None,None,compute-22-15,5.0,12.0,5.3,0.07,0.81,0.82,817550.15,2538204.0,35.13,1,16,13,4282.69,29.44,0.82,99483.82
green,None,None,None,compute-22-14,3.03,13.0,6.03,0.02,0.93,0.91,1156924.62,2538204.0,35.13,1,16,13,4044.1,35.44,0.95,108617.26
green,None,None,None,compute-22-13,2.75,9.0,5.05,0.05,0.91,1.01,983980.73,2999695.64,41.52,1,16,11,5096.23,27.44,0.85,185297.56
green,None,None,None,compute-22-12,8.82,10.0,4.75,0.03,0.78,0.79,980088.0,2538204.0,35.13,1,16,13,4151.41,34.44,0.76,322390.75
green,None,None,None,compute-22-11,3.66,12.0,5.02,0.08,0.84,0.89,1372728.62,2538204.0,35.13,1,16,13,4116.04,38.44,0.83,116341.87
green,None,None,None,compute-22-18,9.96,13.0,6.24,0.01,0.97,0.93,1035828.62,2538204.0,35.13,1,16,13,3651.35,35.44,0.99,106527.62
green,None,None,None,compute-7-39,4.82,13.0,5.0,0.13,0.81,0.81,1353772.0,2538204.0,35.13,1,16,13,4136.83,38.44,0.83,145902.3
green,None,None,None,compute-7-38,18.85,11.0,4.3,0.01,0.7,0.69,818101.75,2062290.75,28.54,2,16,16,2964.37,38.44,0.7,85573.55
green,None,None,None,compute-21-29,1.52,13.0,6.03,0.02,1.0,1.0,1015180.0,2538204.0,35.13,1,16,13,4004.19,38.44,0.97,216874.16
green,None,None,None,compute-21-28,3.63,10.0,5.3,0.1,0.88,0.92,925227.38,2538204.0,35.13,1,16,13,4014.62,30.44,0.88,92688.76
green,None,None,None,compute-21-27,2.03,12.0,5.82,0.02,0.93,0.94,900128.31,2538204.0,35.13,1,16,13,4265.52,32.44,0.93,66675.36
green,None,None,None,compute-21-26,2.22,10.0,4.99,0.02,0.89,0.95,987043.69,2538204.0,35.13,1,16,13,3950.51,39.44,0.84,108638.32
green,None,None,None,compute-21-25,2.65,13.0,5.91,0.02,0.97,0.97,1047972.31,2538204.0,35.13,1,16,13,3828.88,20.44,0.95,131218.83
green,None,None,None,compute-21-24,2.48,10.0,5.45,0.02,0.89,0.88,1093555.38,2538204.0,35.13,1,16,13,3866.11,22.44,0.85,81855.23
green,None,None,None,compute-21-23,1.76,12.0,5.57,0.02,0.96,1.0,1038766.77,2538204.0,35.13,1,16,13,4250.91,37.44,0.9,195006.94
red,None,None,None,compute-5-1,95.85,4.0,24.98,0.0,1.01,1.0,639771.0,2063829.0,120.4,2,4,4,3123.25,44.44,1.0,316706.02
red,None,None,None,compute-14-1,111.37,4.0,24.85,0.03,1.04,1.02,664387.0,2063829.0,120.4,2,4,4,3218.22,41.44,1.02,330221.05
red,None,None,None,compute-14-2,23.27,4.0,24.93,0.0,1.01,0.99,562490.0,2063829.0,120.4,2,4,4,3098.95,36.44,1.01,314016.63
red,None,None,None,compute-14-3,13.52,3.0,16.7,1.87,0.98,1.15,1337533.33,2751772.0,160.54,1,4,3,5338.89,36.44,0.85,471164.28
red,None,None,None,compute-14-4,14.34,3.0,18.98,0.42,0.93,0.95,1045174.0,2063829.0,120.4,2,4,4,3582.64,40.44,0.9,324241.84
cyan,None,None,None,compute-14-5,18.79,0.0,0.0,0.0,0.0,0.0,1609600.0,8255316.0,481.606,4,4,0,17739.23,24.44,0.00,1064596.49
red,None,None,None,compute-14-6,10.26,4.0,24.88,0.03,1.01,1.0,1060030.0,2063829.0,120.4,2,4,4,3702.51,34.44,1.0,363833.95
red,None,None,None,compute-14-7,5.91,4.0,24.95,0.0,1.01,1.0,1291350.0,2063829.0,120.4,2,4,4,3858.3,33.44,1.0,386089.18
red,None,None,None,compute-14-8,5.58,4.0,24.88,0.0,1.01,1.0,1156414.0,2063829.0,120.4,2,4,4,3683.36,39.44,1.02,381029.18
red,None,None,None,compute-13-6,11.98,4.0,24.93,0.0,1.02,1.0,945217.0,2063829.0,243.46,2,4,4,3480.03,31.44,1.01,281481.78
red,None,None,None,compute-13-5,142.78,3.0,18.75,0.03,0.77,0.76,431616.0,2063829.0,120.4,2,4,4,3806.67,26.44,0.75,330655.74
red,None,None,None,compute-13-4,30.22,4.0,24.93,0.0,1.02,1.02,889788.0,2063829.0,120.4,2,4,4,3472.22,32.44,1.02,311232.98
green,None,None,None,compute-7-40,13.53,14.0,6.25,0.02,1.02,1.03,1149908.92,2538204.0,35.13,1,16,13,3759.77,39.44,1.01,264095.14
red,None,None,None,compute-13-2,11.47,4.0,24.75,0.0,1.01,0.99,637152.0,2063829.0,120.4,2,4,4,3167.64,15.44,1.01,335387.77
red,None,None,None,compute-13-1,14.55,4.0,24.93,0.03,1.01,1.0,908717.0,2063829.0,120.4,2,4,4,3488.44,31.44,1.02,367096.94
red,None,None,None,compute-14-30,41.89,4.0,24.9,0.0,1.03,1.0,1007505.0,2063829.0,243.46,2,4,4,3498.25,37.44,1.03,344053.91
red,None,None,None,compute-5-8,21.59,4.0,24.77,0.0,0.99,0.97,799897.0,2063829.0,120.4,2,4,4,3313.96,36.44,1.0,343719.72
red,None,None,None,compute-14-32,92.77,4.0,24.93,0.0,1.02,1.0,707328.0,2063829.0,120.4,2,4,4,3168.53,39.44,1.01,358874.35
red,None,None,None,compute-14-33,8.5,4.0,24.88,0.0,1.01,1.0,982833.0,2063829.0,120.4,2,4,4,3507.78,37.44,1.0,380556.03
red,None,None,None,compute-14-34,33.2,4.0,24.88,0.05,1.01,1.0,446249.0,2063829.0,120.4,2,4,4,2959.16,37.44,1.02,386862.25
red,None,None,None,compute-14-35,24.0,4.0,24.88,0.03,1.02,1.0,564410.0,2063829.0,120.4,2,4,4,3087.31,39.44,1.02,370865.28
green,None,None,None,compute-18-18,5.17,12.0,5.8,0.01,0.95,0.96,1179332.0,2538204.0,35.13,1,16,13,3834.67,40.44,0.94,114120.59
red,None,None,None,compute-14-37,12.72,4.0,23.9,0.0,0.97,0.94,840524.0,2063829.0,120.4,2,4,4,3381.61,40.44,0.96,335212.39
red,None,None,None,compute-14-38,12.18,4.0,24.88,0.0,1.01,1.0,831716.0,2063829.0,120.4,2,4,4,3361.01,41.44,1.01,365047.94
green,None,None,None,compute-18-17,19.78,12.0,4.71,0.01,0.77,0.78,459061.75,2062290.75,28.54,2,16,16,2680.53,39.44,0.76,94005.38
red,None,None,None,compute-5-3,11.24,4.0,24.93,0.0,1.02,1.0,985969.0,2063829.0,120.4,2,4,4,3509.47,33.44,1.0,330992.8
green,None,None,None,compute-18-15,6.83,13.0,6.03,0.01,0.98,0.98,1184706.15,2538204.0,35.13,1,16,13,3892.83,36.44,0.97,117884.69
red,None,None,None,compute-5-5,22.41,4.0,24.9,0.03,1.01,1.0,766613.0,2063829.0,120.4,2,4,4,3299.89,29.44,1.0,408982.92
green,None,None,None,compute-18-13,8.65,12.0,6.09,0.07,0.97,1.01,1067752.0,2749721.0,38.06,1,16,12,4226.51,42.44,0.94,221951.35
red,None,None,None,compute-5-7,9.98,4.0,24.68,0.07,1.03,1.01,1025734.0,2063829.0,120.4,2,4,4,3838.07,34.44,1.03,347828.78
red,None,None,None,compute-5-6,9.35,5.0,24.27,0.05,1.0,0.99,1017096.0,2063829.0,120.4,2,4,4,3591.41,32.44,1.0,382688.91
red,None,None,None,compute-6-2,49.22,3.0,18.77,0.03,0.76,0.75,561688.0,2063829.0,120.4,2,4,4,3090.11,39.44,0.75,390413.38
green,None,None,None,compute-3-41,4.47,13.0,6.13,0.02,1.01,1.01,1122133.23,2538204.0,35.13,1,16,13,3795.43,34.44,1.0,126437.12
red,None,None,None,compute-6-1,52.28,3.0,19.27,3.48,0.97,0.98,605424.0,2063829.0,120.4,2,4,4,3096.11,38.44,1.14,316989.68
red,None,None,None,compute-6-6,12.89,4.0,24.95,0.0,1.0,0.99,903685.0,2063829.0,120.4,2,4,4,3929.68,40.44,1.0,380025.87
red,None,None,None,compute-6-7,20.05,4.0,24.77,0.03,1.02,1.0,354232.0,2063829.0,120.4,2,4,4,2890.38,44.44,1.03,423819.53
red,None,None,None,compute-6-4,133.63,4.0,24.73,0.0,0.99,0.99,821326.0,2063829.0,120.4,2,4,4,3285.62,40.44,1.01,557130.08
red,None,None,None,compute-6-5,15.19,4.0,24.95,0.0,1.02,1.01,638483.0,2063829.0,120.4,2,4,4,3168.95,28.44,1.02,360201.99
red,None,None,None,compute-6-8,13.5,4.0,24.93,0.0,1.0,1.0,1130960.0,2063829.0,120.4,2,4,4,3911.3,36.44,1.0,429263.28
red,None,None,None,compute-13-28,15.55,4.0,24.95,0.0,1.0,1.0,664447.0,2063829.0,120.4,2,4,4,3202.12,18.44,1.0,354764.5
red,None,None,None,compute-13-29,8.78,4.0,24.95,0.0,1.01,1.02,1075957.0,2063829.0,120.4,2,4,4,3767.72,28.44,1.0,352054.0
red,None,None,None,compute-13-26,7.16,4.0,24.93,0.0,1.02,1.01,967189.0,2063829.0,120.4,2,4,4,3496.87,13.44,1.01,366903.44
red,None,None,None,compute-13-27,19.1,4.0,24.93,0.0,1.01,1.01,620687.0,2063829.0,120.4,2,4,4,3178.95,38.44,1.0,332082.46
red,None,None,None,compute-13-24,9.98,4.0,24.82,0.0,0.99,1.0,979878.0,2063829.0,120.4,2,4,4,3780.16,28.44,0.99,297720.32
red,None,None,None,compute-13-25,16.55,4.0,24.95,0.03,1.02,1.01,222117.0,2063829.0,120.4,2,4,4,3981.96,33.44,1.04,386090.88
red,None,None,None,compute-13-23,38.1,4.0,18.75,0.8,0.9,0.92,795622.0,2063829.0,120.4,2,4,4,3311.1,30.44,0.86,336371.89
red,None,None,None,compute-2-10,75.05,4.0,24.93,0.0,1.01,1.0,674659.0,2063829.0,120.4,2,4,4,3188.66,32.44,1.02,332198.86
red,None,None,None,compute-2-11,19.89,4.0,24.93,0.0,1.0,1.0,1039642.0,2063829.0,120.4,2,4,4,4084.83,42.44,1.01,370403.05
red,None,None,None,compute-2-12,17.42,4.0,24.93,0.0,1.0,1.01,945379.0,2063829.0,120.4,2,4,4,3480.53,39.44,1.0,339902.47
red,None,None,None,compute-2-14,26.64,4.0,24.9,0.0,0.97,0.97,1093395.0,2063829.0,120.4,2,4,4,3605.86,45.44,1.0,341709.67
red,None,None,None,compute-2-15,145.85,4.0,24.88,0.0,1.0,1.0,400070.0,2063829.0,120.4,2,4,4,2806.1,38.44,1.0,322577.6
red,None,None,None,compute-2-16,19.37,4.0,24.88,0.0,1.0,1.0,750786.0,2063829.0,120.4,2,4,4,3283.75,36.44,1.02,294445.74
red,None,None,None,compute-2-17,17.36,4.0,24.93,0.0,1.01,1.0,892845.0,2063829.0,120.4,2,4,4,3907.26,40.44,1.0,348347.08
red,None,None,None,compute-2-18,199.5,5.0,24.9,0.0,1.01,1.0,468150.0,2063829.0,120.4,2,4,4,3165.58,38.44,1.01,520662.92
red,None,None,None,compute-14-40,11.06,4.0,24.93,0.0,1.03,1.01,757225.0,2063829.0,120.4,2,4,4,3290.8,42.44,1.04,338319.02
red,None,None,None,compute-2-8,52.44,4.0,24.95,0.0,1.02,1.01,1087815.0,2063829.0,120.4,2,4,4,3816.4,40.44,1.03,344912.86
red,None,None,None,compute-2-9,47.15,4.0,24.88,0.0,1.01,1.01,1036308.0,2063829.0,120.4,2,4,4,3555.78,39.44,1.02,363764.34
red,None,None,None,compute-2-7,27.89,4.0,24.88,0.0,1.01,1.02,760412.0,2063829.0,120.4,2,4,4,3277.72,42.44,1.0,348300.09
yellow,None,None,None,compute-20-40,1.74,9.0,2.21,0.02,0.8,0.85,4074452.67,8257556.0,155.48,1,32,12,14306.18,39.44,0.73,303942.79
red,None,None,None,compute-1-9,17.1,4.0,24.93,0.0,1.01,1.0,967422.0,2063829.0,120.4,2,4,4,3921.66,45.44,1.02,285480.49
red,None,None,None,compute-1-8,30.43,4.0,24.88,0.0,1.0,1.0,492216.0,2063829.0,120.4,2,4,4,3010.16,36.44,1.0,334802.63
red,None,None,None,compute-6-11,54.4,3.0,18.8,0.6,0.9,0.95,1191243.0,2063829.0,120.4,2,4,4,3664.32,36.44,0.86,350159.98
green,None,None,None,compute-8-40,3.98,11.0,5.82,0.01,1.0,1.03,1257532.33,2749721.0,38.06,1,16,12,4324.07,40.44,0.97,117858.52
cyan,None,None,None,compute-6-14,9.89,0.0,0.0,0.0,0.0,0.0,2513264.0,8255316.0,481.61,4,4,1,17836.13,40.44,0.0,17435.43
red,None,None,None,compute-6-15,10.57,4.0,24.95,0.0,1.0,1.0,977072.0,2063829.0,120.4,2,4,4,3893.16,36.44,1.0,407291.44
red,None,None,None,compute-6-16,50.94,3.0,18.65,0.03,0.72,0.69,668710.0,2063829.0,120.4,2,4,4,3174.99,32.44,0.73,427459.71
red,None,None,None,compute-6-17,40.39,4.0,24.93,0.0,1.01,1.0,602560.0,2063829.0,120.4,2,4,4,3108.98,36.44,1.0,357044.78
red,None,None,None,compute-6-10,21.57,4.0,23.88,0.0,1.0,1.0,1056308.0,2063829.0,120.4,2,4,4,3568.01,36.44,0.99,540563.39
red,None,None,None,compute-5-4,17.95,4.0,24.93,0.03,1.02,1.01,940224.0,2063829.0,120.4,2,4,4,3484.0,33.44,1.01,391200.97
red,None,None,None,compute-6-12,33.27,4.0,24.88,0.0,1.01,1.0,798677.0,2063829.0,120.4,2,4,4,3304.14,38.44,1.01,386638.94
red,None,None,None,compute-6-13,43.92,3.0,21.05,1.1,1.02,1.02,614074.0,2063829.0,120.4,1,4,4,3122.99,39.44,0.96,435468.43
red,None,None,None,compute-6-18,43.85,4.0,24.85,0.0,1.01,1.0,587767.0,2063829.0,120.4,2,4,4,3091.97,38.44,1.0,393886.88
yellow,None,None,None,compute-4-29,1.31,11.0,3.01,0.0,0.93,0.88,2447322.46,7627288.62,143.51,1,32,13,13076.54,40.44,0.95,181844.29
yellow,None,None,None,compute-4-28,3.24,13.0,3.02,0.0,0.94,0.91,2384142.77,7627288.62,143.51,1,32,13,13036.14,34.44,0.99,183244.58
yellow,None,None,None,compute-23-38,1.89,10.0,2.74,0.0,0.9,0.89,3798862.91,9008242.91,169.61,1,32,11,15916.78,37.44,0.86,281269.53
green,None,None,None,compute-22-2,15.54,15.0,5.85,0.01,0.97,0.98,583363.5,2062290.75,28.54,2,16,16,2828.38,27.44,0.96,163265.79
yellow,None,None,None,compute-23-36,1.97,8.0,2.43,0.01,0.84,0.87,3408892.36,9008251.64,169.61,1,32,11,15855.51,32.44,0.77,279921.05
yellow,None,None,None,compute-23-37,1.71,12.0,3.09,0.0,1.08,1.05,4521022.18,9008242.91,169.61,1,32,11,16018.05,38.44,1.01,268106.61
yellow,None,None,None,compute-23-34,1.79,9.0,2.46,0.0,0.83,0.86,3492612.67,8262896.0,155.47,1,32,12,14787.03,40.44,0.81,205525.56
yellow,None,None,None,compute-23-35,1.77,9.0,3.13,0.0,0.98,0.98,3165939.27,9014068.36,169.61,1,32,11,15906.02,38.44,0.9,197294.25
yellow,None,None,None,compute-4-27,1.38,13.0,3.12,0.0,1.0,0.98,1787238.15,7627288.62,143.51,1,32,13,13361.16,40.44,1.0,208157.02
yellow,None,None,None,compute-23-33,1.48,11.0,2.82,0.0,0.91,0.91,2841582.67,8262896.0,155.47,1,32,12,14634.16,40.44,0.91,243570.19
yellow,None,None,None,compute-4-25,1.79,10.0,2.94,0.0,1.02,1.02,2456883.64,9014068.36,169.61,1,32,11,16118.25,37.44,0.95,258557.52
green,None,None,None,compute-11-18,4.74,12.0,5.75,0.01,0.91,0.9,1110035.08,2538204.0,35.13,1,16,13,3994.44,33.44,0.92,98322.27
green,None,None,None,compute-8-38,8.59,10.0,5.09,0.17,0.88,0.95,1107837.67,2749721.0,38.06,1,16,12,4341.35,38.44,0.82,246448.91
green,None,None,None,compute-8-39,9.6,10.0,5.44,0.03,0.94,1.01,1308294.67,2749721.0,38.06,1,16,12,4291.31,42.44,0.89,224340.85
green,None,None,None,compute-11-17,8.34,13.0,5.91,0.01,0.99,1.0,979941.54,2538204.0,35.13,1,16,13,3654.64,36.44,0.98,101365.29
green,None,None,None,compute-11-16,2.34,12.0,6.2,0.02,1.0,1.0,1215236.0,2538204.0,35.13,1,16,13,3959.0,39.44,0.98,239829.35
green,None,None,None,compute-22-40,4.1,13.0,6.36,0.01,1.08,1.04,1158150.67,2749721.0,38.06,1,16,12,4172.63,30.44,1.05,216894.07
red,None,None,None,compute-1-11,103.16,3.0,18.75,0.07,0.76,0.76,479677.0,2063829.0,120.4,2,4,4,3319.14,41.44,0.75,354230.19
red,None,None,None,compute-1-10,77.42,4.0,24.95,0.0,1.0,1.0,784772.0,2063829.0,120.4,2,4,4,3343.43,42.44,1.0,313988.21
red,None,None,None,compute-1-13,23.14,4.0,24.93,0.0,1.0,1.0,1143225.0,2063829.0,120.4,2,4,4,3683.72,0.44,1.0,402827.57
red,None,None,None,compute-1-12,175.29,4.0,24.95,0.0,1.01,1.0,576448.0,2063829.0,120.4,2,4,4,2939.84,1.44,1.02,435654.47
red,None,None,None,compute-1-15,14.54,5.0,24.88,0.0,1.01,1.0,889954.0,2063829.0,120.4,2,4,4,3506.92,38.44,1.0,290290.95
red,None,None,None,compute-1-14,18.31,4.0,24.95,0.0,1.0,1.0,828639.0,2063829.0,120.4,2,4,4,3369.98,41.44,1.0,303218.43
red,None,None,None,compute-1-17,18.54,4.0,24.77,0.03,1.01,1.0,962426.0,2063829.0,120.4,2,4,4,3491.7,35.44,1.02,500578.9
red,None,None,None,compute-1-16,19.83,4.0,24.95,0.0,1.01,1.0,826250.0,2063829.0,120.4,2,4,4,3484.76,41.44,1.0,330816.83
red,None,None,None,compute-5-15,20.83,4.0,24.93,0.0,1.02,1.01,903347.0,2063829.0,120.4,2,4,4,3498.63,36.44,1.02,312865.2
red,None,None,None,compute-5-14,20.64,4.0,24.9,0.0,1.0,1.0,921959.0,2063829.0,120.4,2,4,4,3556.6,44.44,0.98,344794.1
green,None,None,None,compute-12-8,14.77,12.0,5.73,0.1,0.96,0.97,634250.0,2060647.67,38.75,2,12,12,2796.56,39.44,0.98,196871.07
red,None,None,None,compute-5-16,11.62,4.0,24.73,0.0,0.99,0.98,1067825.0,2063829.0,120.4,2,4,4,3598.16,36.44,1.0,376713.21
red,None,None,None,compute-5-11,10.16,4.0,24.93,0.0,1.03,1.01,983230.0,2063829.0,120.4,2,4,4,3509.58,34.44,1.01,386120.19
red,None,None,None,compute-5-10,98.09,4.0,24.82,0.05,1.04,1.01,411801.0,2063829.0,120.4,2,4,4,2858.39,35.44,1.04,321703.89
red,None,None,None,compute-5-13,57.48,4.0,24.93,0.0,1.01,1.0,389725.0,2063829.0,120.4,2,4,4,2891.22,40.44,1.02,401237.58
red,None,None,None,compute-5-12,31.87,2.0,12.72,0.03,0.56,0.64,641229.0,2063829.0,76.1,2,4,4,3172.93,41.44,0.54,345126.8
cyan,None,None,None,compute-12-2,21.77,0.0,0.0,0.0,0.02,0.0,1153784.0,24727772.0,465.001,1,12,0,49902.57,32.44,0.08,528735.38
green,None,None,None,compute-12-3,21.91,13.0,5.57,0.11,0.89,0.9,563014.33,2060647.67,38.75,2,12,12,2927.16,3.44,0.9,179076.45
cyan,None,None,None,compute-12-1,17.54,0.0,0.0,0.0,0.0,0.0,1670404.0,24727772.0,465.001,1,12,0,49873.26,17.44,0.00,543553.5
green,None,None,None,compute-12-6,9.25,8.0,4.43,0.05,0.84,0.9,730146.55,2247979.27,42.27,1,12,11,3886.06,41.44,0.75,203622.36
green,None,None,None,compute-12-7,9.29,12.0,6.22,0.02,1.0,0.99,749055.33,2060647.67,38.75,2,12,12,2917.93,41.44,1.0,188462.52
green,None,None,None,compute-12-4,22.6,12.0,6.19,0.04,1.01,1.01,584354.33,2060647.67,38.75,2,12,12,2743.38,41.44,1.01,180809.66
green,None,None,None,compute-12-5,5.79,13.0,5.95,0.03,0.97,0.98,718499.33,2060647.67,38.75,2,12,12,3103.25,33.44,0.98,226989.81
green,None,None,None,compute-12-27,20.88,9.0,5.09,0.05,0.91,0.95,749782.91,2247979.27,42.27,1,12,11,3139.04,40.44,0.87,208700.83
green,None,None,None,compute-12-26,11.04,13.0,6.25,0.01,1.0,0.99,677932.67,2060647.67,38.75,2,12,12,2849.66,41.44,1.0,167986.67
green,None,None,None,compute-12-18,9.09,11.0,5.77,0.05,0.92,0.91,772541.0,2060647.67,38.75,2,12,12,3186.36,43.44,0.93,185806.77
yellow,None,None,None,compute-19-37,1.71,11.0,2.85,0.0,0.91,0.9,3616609.67,8257556.0,155.48,1,32,12,14438.1,39.44,0.84,271077.67
yellow,None,None,None,compute-19-36,1.73,13.0,3.11,0.0,1.0,0.98,3615611.33,8257556.0,155.48,1,32,12,14178.21,37.44,1.01,296566.76
green,None,None,None,compute-12-10,14.1,11.0,5.73,0.01,0.92,0.92,588946.67,2060647.67,38.75,2,12,12,2757.81,3.44,0.92,164142.1
green,None,None,None,compute-12-11,6.49,12.0,6.05,0.06,0.99,0.98,737352.33,2060647.67,38.75,2,12,12,2911.26,43.44,0.99,185532.76
green,None,None,None,compute-12-12,8.8,11.0,5.86,0.02,0.97,0.96,778432.0,2060647.67,38.75,2,12,12,2957.65,44.44,0.96,176049.76
green,None,None,None,compute-12-13,9.69,11.0,5.72,0.02,0.92,0.92,696769.33,2060647.67,38.75,2,12,12,3171.98,39.44,0.93,178766.16
green,None,None,None,compute-12-14,8.82,8.0,4.56,0.03,0.73,0.77,770580.67,2060647.67,38.75,2,12,12,3354.84,36.44,0.71,239724.34
green,None,None,None,compute-12-15,9.85,13.0,6.38,0.04,1.0,1.0,698761.67,2060647.67,38.75,2,12,12,2933.43,35.44,1.01,177139.71
green,None,None,None,compute-12-16,28.23,9.0,6.0,0.02,1.07,1.11,564164.0,2472777.2,46.5,1,12,10,3684.14,42.44,0.98,233681.14
green,None,None,None,compute-12-17,10.79,12.0,6.25,0.01,1.01,1.0,825105.0,2060647.67,38.75,2,12,12,2993.89,39.44,1.01,206797.34
yellow,None,None,None,compute-20-37,1.57,8.0,1.66,0.05,0.56,0.61,3154654.33,8257556.0,155.48,1,32,12,14633.96,38.44,0.5,299109.71
yellow,None,None,None,compute-20-36,1.72,11.0,2.15,0.04,0.75,0.78,3393862.0,8257556.0,155.48,1,32,12,14635.49,39.44,0.74,301463.73
yellow,None,None,None,compute-20-35,1.6,10.0,2.54,0.0,0.83,0.83,2748796.67,8257556.0,155.48,1,32,12,14750.92,41.44,0.79,280945.79
yellow,None,None,None,compute-20-39,1.78,9.0,2.38,0.0,0.82,0.84,2755596.33,8257556.0,155.48,1,32,12,14830.23,34.44,0.8,253917.06
yellow,None,None,None,compute-20-38,4.45,10.0,2.84,0.0,0.97,0.98,3004063.27,9008242.91,169.61,1,32,11,16095.68,39.44,0.92,367772.89
yellow,None,None,None,compute-23-39,1.72,9.0,2.53,0.0,0.87,0.84,3435598.67,8257556.0,155.48,1,32,12,14524.69,36.44,0.83,272241.63
yellow,None,None,None,compute-23-32,1.58,11.0,3.05,0.0,1.04,1.05,2558673.09,9014068.36,169.61,1,32,11,16297.26,40.44,0.99,238082.21
yellow,None,None,None,compute-4-26,3.93,11.0,2.94,0.0,0.96,0.98,2158344.67,8262896.0,155.47,1,32,12,14833.11,37.44,0.93,309724.94
yellow,None,None,None,compute-23-30,1.41,10.0,2.68,0.0,0.93,0.92,3060823.67,8262896.0,155.47,1,32,12,14533.05,43.44,0.92,180262.15
green,None,None,None,compute-12-23,16.41,12.0,6.26,0.01,1.01,1.0,942169.67,2060647.67,38.75,2,12,12,3106.24,43.44,1.01,206120.68
green,None,None,None,compute-12-22,4.22,10.0,5.23,0.01,0.86,0.87,900603.33,2060647.67,38.75,2,12,12,3074.73,34.44,0.84,189735.11
green,None,None,None,compute-12-25,43.11,9.0,5.38,0.05,0.88,0.87,615859.33,2060647.67,38.75,2,12,12,3109.26,41.44,0.86,193764.7
green,None,None,None,compute-12-24,6.13,12.0,6.25,0.01,1.0,1.0,967579.33,2060647.67,38.75,2,12,12,3138.14,40.44,1.01,160055.53
yellow,None,None,None,compute-19-39,1.71,9.0,2.35,0.0,0.78,0.79,3258048.0,8257556.0,155.48,1,32,12,14670.48,40.44,0.75,318595.39
yellow,None,None,None,compute-19-38,1.56,9.0,2.35,0.03,0.81,0.82,2686767.33,8257563.33,155.48,1,32,12,14871.85,38.44,0.78,580764.61
green,None,None,None,compute-12-29,19.09,12.0,6.2,0.02,0.98,0.97,690094.33,2060647.67,38.75,2,12,12,2834.58,0.44,1.01,235171.14
green,None,None,None,compute-12-28,8.72,14.0,6.23,0.01,0.99,0.99,704395.33,2060647.67,38.75,2,12,12,3080.69,41.44,1.0,168404.23
yellow,None,None,None,compute-19-35,1.86,8.0,2.56,0.0,0.97,0.98,4005028.4,9909067.2,186.57,1,32,10,17534.48,43.44,0.86,311639.37
yellow,None,None,None,compute-9-27,1.33,13.0,3.11,0.01,0.99,0.96,2787269.85,7627288.62,143.51,1,32,13,13221.9,39.44,0.99,174796.98
green,None,None,None,compute-21-40,2.79,12.0,5.74,0.02,0.96,0.98,835210.46,2538204.0,35.13,1,16,13,4171.45,39.44,0.92,123482.58
yellow,None,None,None,compute-9-28,1.72,10.0,2.85,0.0,0.95,1.01,2439839.64,9014068.36,169.61,1,32,11,16284.0,41.44,0.91,279780.27
yellow,None,None,None,compute-9-29,1.34,11.0,2.75,0.0,0.92,0.9,2150356.31,7627288.62,143.51,1,32,13,13781.7,30.44,0.91,409257.14
green,None,None,None,compute-11-40,4.14,12.0,6.15,0.02,0.97,0.99,1040205.85,2538204.0,35.13,1,16,13,4060.08,41.44,0.97,107714.59
green,None,None,None,compute-21-38,2.72,13.0,6.03,0.03,0.94,0.95,1132514.15,2538204.0,35.13,1,16,13,3862.04,42.44,0.95,230271.61
green,None,None,None,compute-21-39,1.45,13.0,5.89,0.03,0.93,0.94,1118744.92,2538204.0,35.13,1,16,13,4155.15,37.44,0.92,249237.37
green,None,None,None,compute-21-30,7.03,13.0,5.94,0.02,0.94,0.94,1046910.15,2538204.0,35.13,1,16,13,4104.76,30.44,0.95,231996.14
green,None,None,None,compute-21-33,4.27,13.0,5.09,0.08,0.88,0.93,934193.54,2538204.0,35.13,1,16,13,4116.62,35.44,0.85,204443.49
green,None,None,None,compute-21-34,9.83,13.0,5.78,0.01,1.0,1.0,827187.69,2538204.0,35.13,1,16,13,3818.43,36.44,1.0,246985.68
green,None,None,None,compute-21-35,2.38,11.0,5.73,0.01,1.02,1.04,1134570.67,2749721.0,38.06,1,16,12,4340.72,35.44,0.97,217318.13
green,None,None,None,compute-21-36,5.94,12.0,6.26,0.01,1.05,1.05,1177792.33,2749721.0,38.06,1,16,12,4113.82,36.44,1.03,150255.24
green,None,None,None,compute-21-37,2.39,13.0,5.99,0.02,0.99,1.0,1070510.15,2538204.0,35.13,1,16,13,3797.71,41.44,0.97,193485.75
red,None,None,None,compute-5-28,15.19,4.0,24.88,0.0,1.02,1.0,960335.0,2063829.0,120.4,2,4,4,3546.8,35.44,1.01,320058.62
red,None,None,None,compute-5-29,219.08,4.0,24.88,0.0,1.02,1.0,530712.0,2063829.0,120.4,2,4,4,3566.89,37.44,1.01,377367.41
red,None,None,None,compute-5-24,16.28,4.0,24.93,0.03,1.01,1.0,791364.0,2063829.0,120.4,2,4,4,3328.84,39.44,1.02,354674.47
red,None,None,None,compute-5-25,21.55,4.0,24.9,0.0,1.02,1.0,756643.0,2063829.0,120.4,2,4,4,3308.08,38.44,1.12,392090.51
red,None,None,None,compute-5-26,12.18,4.0,24.93,0.0,1.02,1.0,1158135.0,2063829.0,120.4,2,4,4,3682.98,36.44,1.02,378357.09
red,None,None,None,compute-5-27,23.62,4.0,24.93,0.0,1.02,1.0,651100.0,2063829.0,120.4,2,4,4,3945.67,23.44,1.01,349956.87
red,None,None,None,compute-5-23,10.24,4.0,24.98,0.0,1.01,1.0,839411.0,2063829.0,120.4,2,4,4,3387.84,34.44,1.01,333278.97
red,None,None,None,compute-13-18,42.22,3.0,18.75,0.05,0.78,0.76,671292.0,2063829.0,120.4,2,4,4,3280.45,25.44,0.77,326167.49
red,None,None,None,compute-13-13,21.21,3.0,26.8,0.5,1.31,1.32,1131268.0,2751772.0,160.54,1,4,3,4564.27,30.44,1.1,414905.92
red,None,None,None,compute-13-12,11.16,4.0,24.98,0.0,1.01,1.0,1172396.0,2063829.0,120.4,2,4,4,3913.39,23.44,1.04,427383.15
red,None,None,None,compute-13-11,57.12,4.0,24.88,0.0,1.04,1.02,372462.0,2063829.0,120.4,2,4,4,2860.56,42.44,1.04,348936.77
red,None,None,None,compute-13-10,85.08,4.0,24.95,0.0,1.0,1.0,870809.0,2063829.0,120.4,2,4,4,3704.43,22.44,1.0,369688.8
red,None,None,None,compute-13-17,7.92,4.0,24.93,0.0,1.0,0.99,1031866.0,2063829.0,120.4,2,4,4,3935.23,27.44,1.0,294833.94
red,None,None,None,compute-13-16,63.52,4.0,24.93,0.0,1.0,1.0,377721.0,2063829.0,120.4,2,4,4,3004.0,34.44,1.0,365341.98
red,None,None,None,compute-13-15,13.54,4.0,24.98,0.0,1.03,1.01,951563.0,2063829.0,120.4,2,4,4,4125.16,27.44,1.03,360523.34
red,None,None,None,compute-13-14,17.47,4.0,24.93,0.0,1.0,1.0,788754.0,2063829.0,120.4,2,4,4,3728.99,37.44,1.0,323766.97
red,None,None,None,compute-14-15,12.15,4.0,24.93,0.0,1.02,1.01,848887.0,2063829.0,120.4,2,4,4,3789.23,39.44,1.01,350007.16
green,None,None,None,compute-22-39,8.78,14.0,6.22,0.03,1.01,1.0,1132352.0,2538204.0,35.13,1,16,13,3745.65,42.44,1.01,122356.79
green,None,None,None,compute-22-38,4.15,12.0,6.17,0.01,1.01,1.01,1028739.33,2749721.0,38.06,1,16,12,4177.16,34.44,1.01,107117.93
green,None,None,None,compute-22-30,3.93,12.0,5.72,0.01,0.96,0.97,1135815.08,2538204.0,35.13,1,16,13,3758.28,34.44,0.97,103195.21
green,None,None,None,compute-22-33,3.39,13.0,6.25,0.02,1.01,1.0,1081948.62,2538204.0,35.13,1,16,13,3710.73,42.44,1.0,103691.98
green,None,None,None,compute-22-35,8.09,10.0,5.15,0.06,0.86,0.89,963127.38,2538204.0,35.13,1,16,13,4081.76,38.44,0.84,119936.92
green,None,None,None,compute-22-34,5.46,13.0,6.24,0.02,1.01,1.0,1099579.38,2538204.0,35.13,1,16,13,3934.76,41.44,0.96,105628.45
green,None,None,None,compute-22-37,6.6,13.0,5.94,0.03,0.96,0.94,1068732.92,2538204.0,35.13,1,16,13,4085.67,36.44,0.98,92668.3
green,None,None,None,compute-22-36,5.59,13.0,6.01,0.02,0.96,0.95,1054285.85,2538204.0,35.13,1,16,13,3776.32,33.44,0.93,82637.96
green,None,None,None,compute-7-17,24.34,12.0,6.53,0.01,1.05,1.06,1214273.33,2749721.0,38.06,1,16,12,4256.86,1.44,1.01,108034.71
green,None,None,None,compute-7-16,6.77,13.0,6.25,0.02,1.02,1.03,1080504.31,2538204.0,35.13,1,16,13,3704.59,39.44,1.0,258324.33
green,None,None,None,compute-7-18,2.84,11.0,5.62,0.01,0.92,0.94,833028.62,2538204.0,35.13,1,16,13,4015.33,33.44,0.9,115245.99
red,None,None,None,compute-5-17,12.19,4.0,24.95,0.0,1.02,1.01,758674.0,2063829.0,120.4,2,4,4,3304.07,32.44,1.0,343669.05
red,None,None,None,compute-14-18,44.5,4.0,24.98,0.0,1.01,1.0,583980.0,2063829.0,120.4,2,4,4,3323.48,35.44,1.0,364568.77
red,None,None,None,compute-14-12,14.07,4.0,24.85,0.0,1.0,1.0,749948.0,2063829.0,120.4,2,4,4,3280.03,38.44,1.0,388767.96
red,None,None,None,compute-14-13,14.96,4.0,24.93,0.0,1.03,1.02,1129675.0,2063829.0,120.4,2,4,4,3859.5,40.44,1.02,368058.31
red,None,None,None,compute-14-10,13.78,4.0,24.88,0.0,1.01,1.0,1161176.0,2063829.0,120.4,2,4,4,3689.76,37.44,1.02,425260.84
red,None,None,None,compute-14-11,21.38,4.0,24.9,0.0,1.02,1.01,718623.0,2063829.0,120.4,2,4,4,3279.01,38.44,1.04,372174.25
red,None,None,None,compute-14-16,22.73,3.0,18.95,0.03,0.82,0.9,744742.0,2063829.0,120.4,2,4,4,3610.71,33.44,0.76,383793.99
red,None,None,None,compute-14-17,10.77,3.0,21.0,0.03,0.85,0.84,634656.0,2063829.0,120.4,2,4,4,3187.25,42.44,0.85,391138.61
red,None,None,None,compute-14-14,12.74,3.0,18.75,0.03,0.77,0.76,694932.0,2063829.0,120.4,2,4,4,3337.42,33.44,0.76,389995.58
red,None,None,None,compute-5-18,113.5,3.0,18.82,0.05,0.76,0.75,598474.0,2063829.0,120.4,2,4,4,3203.31,33.44,0.75,401988.91
green,None,None,None,compute-21-8,4.8,11.0,5.71,0.03,0.94,0.96,1126947.38,2538204.0,35.13,1,16,13,4035.96,40.44,0.91,122206.37
green,None,None,None,compute-21-1,6.66,12.0,5.78,0.03,0.97,1.0,948371.38,2538204.0,35.13,1,16,13,3988.65,36.44,0.95,278910.03
green,None,None,None,compute-21-2,3.98,12.0,5.27,0.02,0.98,0.99,1138067.69,2538204.0,35.13,1,16,13,3880.63,36.44,0.99,97609.41
green,None,None,None,compute-21-3,9.48,13.0,6.22,0.02,1.0,1.0,1095821.54,2538204.0,35.13,1,16,13,3709.34,26.44,1.0,107377.9
green,None,None,None,compute-21-4,7.02,13.0,6.26,0.01,1.02,1.02,697802.77,2538204.0,35.13,1,16,13,3987.25,39.44,1.02,250825.42
green,None,None,None,compute-21-5,4.55,13.0,6.25,0.01,1.01,1.01,1044529.54,2538204.0,35.13,1,16,13,3672.82,37.44,1.0,207066.6
green,None,None,None,compute-21-6,5.07,13.0,5.85,0.02,0.96,0.99,1188009.54,2538204.0,35.13,1,16,13,3877.97,26.44,0.95,102292.47
green,None,None,None,compute-21-7,5.42,11.0,5.59,0.05,0.92,0.96,998130.46,2538204.0,35.13,1,16,13,3797.72,30.44,0.88,107588.97
yellow,None,None,None,compute-4-30,1.73,12.0,3.1,0.0,1.0,0.97,1860357.54,7627288.62,143.51,1,32,13,13252.12,40.44,1.0,260200.24
green,None,None,None,compute-18-14,4.75,12.0,5.72,0.04,0.95,0.97,1100081.85,2538204.0,35.13,1,16,13,4027.04,41.44,0.93,103501.23
yellow,None,None,None,compute-23-27,1.63,12.0,2.86,0.0,0.92,0.95,2607295.67,8262897.33,155.47,1,32,12,14822.42,38.44,0.92,191440.83
yellow,None,None,None,compute-23-26,1.59,11.0,2.9,0.0,1.0,1.02,3271859.67,8262896.0,155.47,1,32,12,14430.52,33.44,0.89,194578.21
green,None,None,None,compute-12-37,5.07,13.0,6.19,0.02,0.97,0.96,1203300.67,2749721.0,38.06,2,12,12,4112.8,43.44,0.99,207698.92
green,None,None,None,compute-12-38,7.81,11.0,5.92,0.02,0.93,0.95,1278385.67,2749721.0,38.06,1,12,12,4587.01,42.44,0.92,179782.47
green,None,None,None,compute-21-11,8.52,11.0,5.08,0.05,0.87,0.91,1271533.54,2538204.0,35.13,1,16,13,3885.61,23.44,0.88,101411.83
red,None,None,None,compute-5-39,67.19,4.0,24.95,0.0,1.02,1.01,523257.0,2063829.0,120.4,2,4,4,3007.05,34.44,1.02,407591.44
red,None,None,None,compute-5-38,14.81,4.0,24.63,0.03,1.01,0.97,1037424.0,2063829.0,120.4,2,4,4,3592.32,38.44,1.01,323998.66
cyan,None,None,None,compute-5-37,0.0,3.0,3.3,18.5,0.11,0.04,162040.0,8255316.0,481.606,4,4,0,17759.07,5.44,0.01,1439.89
red,None,None,None,compute-5-36,58.47,3.0,18.82,0.03,0.77,0.77,688517.0,2063829.0,120.4,2,4,4,3277.09,41.44,0.76,416080.99
red,None,None,None,compute-5-35,30.73,4.0,24.95,0.0,1.01,1.0,509034.0,2063829.0,120.4,2,4,4,3534.78,43.44,1.0,364032.85
red,None,None,None,compute-5-34,44.69,4.0,24.8,0.07,1.02,1.0,773901.0,2063829.0,120.4,2,4,4,3276.59,36.44,1.0,445795.31
red,None,None,None,compute-5-33,53.45,2.0,12.6,0.03,0.54,0.52,618662.0,2063829.0,120.4,2,4,4,3119.55,36.44,0.53,523163.16
red,None,None,None,compute-5-32,4.05,4.0,24.1,0.0,1.02,1.0,1147505.0,2063829.0,120.4,2,4,4,3883.72,37.44,1.01,508012.41
red,None,None,None,compute-5-30,46.71,3.0,18.75,0.03,0.77,0.76,726116.0,2063829.0,120.4,2,4,4,3255.76,38.44,0.75,405603.55
green,None,None,None,compute-22-3,8.29,12.0,5.75,0.02,0.91,0.92,1207832.92,2538204.0,35.13,1,16,13,3818.68,32.44,0.92,146738.14
yellow,None,None,None,compute-18-35,1.67,9.0,2.6,0.01,0.88,0.88,3411416.36,9008250.91,169.61,1,32,11,16193.34,40.44,0.84,274815.0
green,None,None,None,compute-22-1,4.65,14.0,5.87,0.02,0.93,0.94,1210557.85,2538204.0,35.13,1,16,13,4103.79,35.44,0.95,106049.93
yellow,None,None,None,compute-18-37,1.73,9.0,2.57,0.0,0.86,0.84,3373381.09,9008242.91,169.61,1,32,11,15849.09,33.44,0.83,313698.29
green,None,None,None,compute-22-7,7.51,12.0,6.19,0.02,0.97,0.98,1217274.33,2749721.0,38.06,1,16,12,4330.54,38.44,1.0,118799.79
green,None,None,None,compute-22-6,10.47,13.0,5.62,0.06,0.89,0.91,949674.77,2538204.0,35.13,1,16,13,4204.86,32.44,0.88,278875.82
green,None,None,None,compute-22-5,3.04,12.0,6.05,0.02,0.98,1.02,1074163.33,2749721.0,38.06,1,16,12,4681.99,44.44,0.95,87299.94
green,None,None,None,compute-22-4,2.12,12.0,5.92,0.02,0.91,0.93,1142432.31,2538204.0,35.13,1,16,13,4112.05,35.44,0.91,224629.95
green,yellow,None,None,compute-22-8,5.18,9.0,3.55,0.12,0.6,0.66,453343.69,2538204.0,35.13,1,16,13,4444.12,41.44,0.58,101184.06
yellow,None,None,None,compute-18-38,3.96,12.0,2.93,0.01,0.94,0.95,3344105.0,8257556.0,155.48,1,32,12,14303.57,42.44,0.95,300068.83
yellow,None,None,None,compute-18-39,1.6,10.0,2.59,0.0,0.83,0.83,2822232.0,8257556.0,155.48,1,32,12,14631.9,35.44,0.84,293542.15
yellow,None,None,None,compute-20-15,1.44,12.0,2.64,0.0,0.9,0.86,3335703.08,7622359.38,143.52,1,32,13,13219.39,37.44,0.89,249155.63
yellow,None,None,None,compute-20-17,1.87,10.0,2.82,0.0,0.94,0.95,3660037.09,9008242.91,169.61,1,32,11,15803.21,38.44,0.92,332215.03
yellow,None,None,None,compute-20-16,1.57,12.0,2.89,0.0,0.95,0.95,3097180.0,8257556.0,155.48,1,32,12,14655.39,39.44,0.92,241147.29
yellow,None,None,None,compute-20-18,1.47,9.0,2.4,0.0,0.85,0.88,3044890.33,8257556.0,155.48,1,32,12,14647.9,43.44,0.82,358061.73
yellow,None,None,None,compute-9-25,1.43,11.0,2.87,0.0,0.95,0.93,2429731.33,8262896.0,155.47,1,32,12,14497.12,38.44,0.93,233234.1
red,None,None,None,compute-2-38,86.3,4.0,24.95,0.0,1.0,1.0,591072.0,2063829.0,120.4,2,4,4,3392.88,40.44,1.01,346588.93
red,None,None,None,compute-2-39,29.98,3.0,18.88,0.05,0.75,0.75,927420.0,2063829.0,120.4,2,4,4,3707.07,38.44,0.75,279980.56
red,None,None,None,compute-2-36,62.11,5.0,24.9,0.03,1.02,1.0,910886.0,2063829.0,120.4,2,4,4,3615.74,32.44,1.01,478103.53
red,None,None,None,compute-2-37,40.24,4.0,24.98,0.0,1.02,1.0,841786.0,2063829.0,120.4,2,4,4,3924.9,44.44,1.01,262308.58
red,None,None,None,compute-2-34,14.45,4.0,24.98,0.0,1.01,1.0,866953.0,2063829.0,120.4,2,4,4,3922.51,40.44,1.01,326794.05
red,None,None,None,compute-2-35,14.94,5.0,24.95,0.0,1.01,1.0,945266.0,2063829.0,120.4,2,4,4,3490.65,0.44,1.0,353150.01
red,None,None,None,compute-2-32,49.18,2.0,12.65,0.05,0.52,0.52,979196.0,2063829.0,120.4,2,4,4,3581.54,42.44,0.5,363945.11
red,None,None,None,compute-2-33,45.99,4.0,18.73,0.05,0.76,0.75,842593.0,2063829.0,120.4,2,4,4,3479.3,35.44,0.76,357832.15
red,None,None,None,compute-2-30,15.24,4.0,24.95,0.0,1.01,1.0,754555.0,2063829.0,120.4,2,4,4,3548.72,37.44,1.01,378427.37
red,None,None,None,compute-6-32,13.31,4.0,24.85,0.0,1.04,1.02,787346.0,2063829.0,120.4,2,4,4,3346.46,38.44,1.07,383379.07
red,None,None,None,compute-6-33,15.16,4.0,24.88,0.0,1.02,1.0,578654.0,2063829.0,120.4,2,4,4,3502.53,38.44,1.03,331494.09
red,None,None,None,compute-6-30,30.42,4.0,24.88,0.0,1.0,1.0,548382.0,2063829.0,120.4,2,4,4,3075.06,41.44,1.01,355194.79
red,None,None,None,compute-6-36,115.56,4.0,24.88,0.0,1.0,1.0,438236.0,2063829.0,120.4,2,4,4,2875.93,36.44,1.0,483556.25
cyan,None,None,None,compute-6-37,0.0,0.0,0.0,0.0,0.0,0.0,2320368.0,8255316.0,481.606,4,4,0,17810.93,4.44,0.00,1792.43
red,None,None,None,compute-6-34,33.88,3.0,18.8,0.07,0.76,0.75,908949.0,2063829.0,120.4,2,4,4,3546.2,37.44,0.75,425625.63
red,None,None,None,compute-6-35,15.5,4.0,22.38,0.28,0.89,0.94,1081536.0,2063829.0,120.4,2,4,4,3700.38,36.44,1.0,431912.16
red,None,None,None,compute-6-38,17.86,3.0,17.6,1.3,0.81,0.86,1120159.0,2063829.0,120.4,2,4,4,4053.59,39.44,0.84,323157.62
red,None,None,None,compute-6-39,13.75,6.0,22.02,1.82,1.05,1.01,433077.0,2063829.0,120.4,2,4,4,3650.42,34.44,1.23,372562.55
yellow,None,None,None,compute-9-26,1.46,11.0,2.86,0.0,0.99,0.99,2391996.0,8262896.0,155.47,1,32,12,14751.42,37.44,0.92,229680.01
green,None,None,None,compute-21-12,2.7,12.0,5.42,0.06,0.91,0.95,1078923.69,2538204.0,35.13,1,16,13,3903.71,13.44,0.9,133457.33
green,None,None,None,compute-21-13,1.9,11.0,5.85,0.02,1.0,1.03,1474036.33,2749721.0,38.06,1,16,12,4479.32,38.44,0.96,122858.2
yellow,None,None,None,compute-23-16,1.85,10.0,2.83,0.0,0.96,0.95,3177254.91,9008242.91,169.61,1,32,11,16006.32,40.44,0.93,292654.53
yellow,None,None,None,compute-23-17,4.75,11.0,3.11,0.0,1.06,1.05,2722676.36,9008242.91,169.61,1,32,11,16170.61,38.44,1.02,249552.2
green,None,None,None,compute-21-16,4.31,10.0,5.67,0.04,0.92,0.94,1050735.69,2538204.0,35.13,1,16,13,3803.56,35.44,0.93,109010.81
green,None,None,None,compute-21-17,5.18,11.0,5.55,0.04,0.95,0.98,956685.54,2538204.0,35.13,1,16,13,3925.88,32.44,0.89,108506.59
green,None,None,None,compute-21-14,3.46,10.0,5.3,0.04,0.94,1.01,1171090.33,2749721.0,38.06,1,16,12,4380.86,12.44,0.9,95275.49
green,None,None,None,compute-21-15,5.88,11.0,5.71,0.02,0.93,0.95,1175563.38,2538204.0,35.13,1,16,13,3794.26,15.44,0.91,107076.14
green,None,None,None,compute-21-18,3.54,13.0,5.75,0.02,0.96,0.98,1092319.38,2538204.0,35.13,1,16,13,3922.2,19.44,0.93,102100.43
yellow,None,None,None,compute-23-18,3.87,13.0,3.11,0.0,1.0,0.96,3046907.08,7622359.38,143.52,1,32,13,13195.53,40.44,1.0,225641.98
green,None,None,None,compute-8-18,14.46,11.0,5.38,0.03,0.9,0.92,1166328.0,2538204.0,35.13,1,16,13,3912.23,40.44,0.87,99813.68
green,None,None,None,compute-8-16,25.4,12.0,5.12,0.03,0.87,0.87,858520.31,2538204.0,35.13,1,16,13,3873.88,35.44,0.83,98429.21
green,None,None,None,compute-8-17,3.34,13.0,6.05,0.02,1.01,1.0,1197667.38,2538204.0,35.13,1,16,13,3837.74,40.44,1.01,249816.94
green,None,None,None,compute-11-39,5.97,8.0,4.23,0.1,0.79,0.88,863147.0,2749721.0,38.06,1,16,12,4563.58,37.44,0.72,130480.28
green,None,None,None,compute-11-38,10.84,10.0,4.89,0.04,0.93,0.96,941393.23,2538204.0,35.13,1,16,13,3800.32,41.44,0.82,208837.59
green,None,None,None,compute-22-28,1.77,11.0,5.63,0.02,0.94,0.98,1015403.67,2749721.0,38.06,1,16,12,4288.13,36.44,0.91,124336.43
green,None,None,None,compute-22-29,5.71,13.0,6.14,0.08,0.95,0.94,1114081.23,2538204.0,35.13,1,16,13,3714.46,23.44,0.98,101720.28
green,None,None,None,compute-22-23,4.09,11.0,4.7,0.05,0.78,0.84,1145941.54,2538204.0,35.13,1,16,13,4106.45,40.44,0.74,108113.94
green,None,None,None,compute-22-26,3.09,12.0,5.62,0.02,0.94,0.93,1134180.62,2538204.0,35.13,1,16,13,3820.09,28.44,0.96,99522.42
green,None,None,None,compute-22-27,3.81,11.0,5.56,0.02,0.96,0.96,1073690.15,2538204.0,35.13,1,16,13,4128.34,28.44,0.92,114763.89
green,None,None,None,compute-22-24,3.98,13.0,6.08,0.01,1.05,1.05,1304319.33,2749721.0,79.08,1,16,12,4261.97,35.44,1.02,123934.28
green,None,None,None,compute-22-25,4.53,13.0,5.76,0.02,0.94,0.94,888258.15,2538204.0,35.13,1,16,13,3874.63,44.44,0.94,111921.95
red,None,None,None,compute-13-8,13.34,4.0,24.95,0.0,1.01,1.0,1199629.0,2063829.0,120.4,2,4,4,3761.55,26.44,1.0,336160.86
red,None,None,None,compute-13-7,12.89,4.0,24.98,0.0,1.0,1.0,745043.0,2063829.0,120.4,2,4,4,3716.64,32.44,1.0,272357.89
green,None,None,None,compute-19-13,6.07,13.0,6.26,0.02,0.99,0.98,1044535.38,2538204.0,35.13,1,16,13,3895.06,34.44,1.0,199107.15
green,None,None,None,compute-19-15,7.22,14.0,6.2,0.02,0.96,0.94,1207664.92,2538204.0,35.13,1,16,13,3817.71,39.44,1.0,249383.61
green,None,None,None,compute-19-14,4.97,12.0,6.18,0.02,1.03,1.02,1257814.33,2749721.0,38.06,1,16,12,4125.66,36.44,1.0,249915.07
green,None,None,None,compute-19-17,4.75,12.0,6.16,0.02,0.97,0.98,954027.08,2538204.0,35.13,1,16,13,4116.16,0.44,1.0,116606.39
green,None,None,None,compute-19-16,4.03,12.0,5.77,0.01,0.92,0.92,1121546.77,2538204.0,35.13,1,16,13,3885.76,22.44,0.93,88762.58
red,None,None,None,compute-13-3,16.18,4.0,24.98,0.0,1.0,1.0,697125.0,2063829.0,120.4,2,4,4,3416.12,28.44,1.0,358405.28
red,None,None,None,compute-14-27,7.44,4.0,24.95,0.0,1.02,1.0,945978.0,2063829.0,120.4,2,4,4,3725.41,39.44,1.02,379879.17
red,None,None,None,compute-14-26,10.61,4.0,24.9,0.0,1.03,1.01,654648.0,2063829.0,120.4,2,4,4,3198.2,41.44,1.02,332974.5
red,None,None,None,compute-14-25,19.66,4.0,24.88,0.0,1.03,1.01,736921.0,2063829.0,120.4,2,4,4,3257.87,38.44,1.06,354666.46
red,None,None,None,compute-14-24,37.33,4.0,24.82,0.03,1.03,1.02,536346.0,2063829.0,120.4,2,4,4,3052.49,41.44,1.03,404194.24
red,None,None,None,compute-14-23,15.62,4.0,24.98,0.0,1.01,1.0,761341.0,2063829.0,120.4,2,4,4,3764.26,33.44,1.0,345357.2
red,None,None,None,compute-14-36,43.53,4.0,18.48,1.32,0.96,0.99,545309.0,2063829.0,243.46,2,4,4,3451.15,39.44,0.84,352262.96
red,None,None,None,compute-14-29,42.0,4.0,24.93,0.03,1.03,1.01,799382.0,2063829.0,120.4,2,4,4,3295.34,39.44,1.01,328818.99
red,None,None,None,compute-14-28,109.91,4.0,24.43,0.23,1.07,1.05,488072.0,2063829.0,120.4,2,4,4,2983.8,41.44,1.09,403464.35
green,None,None,None,compute-18-16,2.76,12.0,5.75,0.01,0.89,0.87,1179739.38,2538204.0,35.13,1,16,13,4046.3,41.44,0.91,123745.95
red,None,None,None,compute-14-39,13.74,3.0,18.82,0.1,0.81,0.87,708754.0,2063829.0,181.93,2,4,4,3239.06,7.44,0.76,346912.77
green,None,None,None,compute-3-39,7.89,11.0,5.38,0.05,0.93,0.96,1053859.69,2538204.0,35.13,1,16,13,3741.97,38.44,0.89,151251.32
green,None,None,None,compute-3-38,33.78,10.0,4.97,0.04,0.95,1.01,1021650.0,2749721.0,38.06,1,16,12,4337.13,40.44,0.84,125772.64
red,None,None,None,compute-5-2,27.09,4.0,24.32,0.0,0.96,0.97,550616.0,2063829.0,120.4,2,4,4,3125.11,30.44,0.99,359056.1
red,None,None,None,compute-13-39,75.06,4.0,24.93,0.0,1.01,1.0,712808.0,2063829.0,120.4,2,4,4,3397.54,21.44,1.0,298069.65
red,None,None,None,compute-13-38,13.49,4.0,24.88,0.0,1.01,1.0,744155.0,2063829.0,120.4,2,4,4,3391.18,24.44,1.02,309600.63
red,None,None,None,compute-13-35,9.4,4.0,24.85,0.0,1.04,1.01,772211.0,2063829.0,120.4,2,4,4,3479.69,35.44,1.05,331729.26
red,None,None,None,compute-13-34,66.33,4.0,24.82,0.0,1.01,1.02,395639.0,2063829.0,120.4,2,4,4,2879.08,38.44,1.01,301495.43
red,None,None,None,compute-13-37,10.04,4.0,18.85,0.03,0.94,0.97,848537.0,2063829.0,120.4,1,4,4,3739.97,35.44,0.87,342378.87
red,None,None,None,compute-13-36,13.06,4.0,24.98,0.0,1.02,1.0,967665.0,2063829.0,120.4,2,4,4,3495.32,32.44,1.01,375006.82
red,None,None,None,compute-13-30,68.86,4.0,24.95,0.0,1.01,1.0,740731.0,2063829.0,120.4,2,4,4,3499.95,24.44,1.01,320931.72
red,None,None,None,compute-13-33,66.57,4.0,24.93,0.0,1.04,1.03,482252.0,2063829.0,120.4,2,4,4,2958.22,31.44,1.04,325241.99
red,None,None,None,compute-13-32,10.32,4.0,24.95,0.0,1.0,1.0,797358.0,2063829.0,120.4,2,4,4,3938.18,37.44,1.0,386464.42
green,None,None,None,compute-3-40,8.4,10.0,4.92,0.04,0.84,0.86,848758.77,2538204.0,35.13,1,16,13,3879.25,39.44,0.79,140856.29
red,None,None,None,compute-6-3,45.84,3.0,18.77,0.03,0.76,0.75,869134.0,2063829.0,120.4,2,4,4,3369.7,38.44,0.75,395114.28
red,None,None,None,compute-13-40,10.36,4.0,24.93,0.0,1.0,1.0,809419.0,2063829.0,120.4,2,4,4,3720.34,2.44,1.0,356200.11
yellow,None,None,None,compute-18-36,1.39,11.0,2.86,0.0,0.91,0.88,3342972.67,8257556.0,155.48,1,32,12,14307.02,35.44,0.92,604930.96
yellow,None,None,None,compute-23-29,1.63,10.0,3.02,0.0,0.95,0.94,2861524.33,8262896.0,155.47,1,32,12,14768.05,40.44,0.88,211008.07
yellow,None,None,None,compute-23-28,1.35,12.0,2.85,0.0,0.88,0.84,2818374.15,7627288.62,143.51,1,32,13,13443.79,37.44,0.91,263072.89
yellow,None,None,None,compute-23-25,1.38,13.0,3.11,0.0,0.94,0.92,2341580.92,7627288.62,143.51,1,32,13,13472.81,35.44,0.95,195871.48
yellow,None,None,None,compute-4-32,1.72,13.0,3.1,0.0,0.97,0.95,3083411.08,7627288.62,143.51,1,32,13,12992.93,34.44,1.0,185224.05
yellow,None,None,None,compute-4-33,1.65,11.0,2.84,0.0,0.9,0.88,2654217.33,8262896.0,155.47,1,32,12,14415.89,30.44,0.92,219029.48
yellow,None,None,None,compute-4-34,1.47,10.0,2.68,0.0,0.95,0.96,2634416.67,8262896.0,155.47,1,32,12,14429.1,42.44,0.9,187253.97
yellow,None,None,None,compute-4-35,1.32,12.0,2.88,0.01,0.89,0.87,2926337.54,7627288.62,143.51,1,32,13,13079.2,31.44,0.89,156266.33
yellow,None,None,None,compute-19-40,1.69,9.0,2.4,0.02,0.9,0.94,3306336.33,8257563.33,155.48,1,32,12,14517.96,40.44,0.81,229321.46
yellow,None,None,None,compute-18-40,1.64,11.0,2.77,0.0,0.88,0.86,2749533.33,8257556.0,155.48,1,32,12,14422.08,39.44,0.9,548764.05
